-- MySQL dump 10.13  Distrib 5.5.57, for debian-linux-gnu (x86_64)
--
-- Host: localhost    Database: rider_bkt
-- ------------------------------------------------------
-- Server version	5.5.57-0ubuntu0.14.04.1

/*!40101 SET @OLD_CHARACTER_SET_CLIENT=@@CHARACTER_SET_CLIENT */;
/*!40101 SET @OLD_CHARACTER_SET_RESULTS=@@CHARACTER_SET_RESULTS */;
/*!40101 SET @OLD_COLLATION_CONNECTION=@@COLLATION_CONNECTION */;
/*!40101 SET NAMES utf8 */;
/*!40103 SET @OLD_TIME_ZONE=@@TIME_ZONE */;
/*!40103 SET TIME_ZONE='+00:00' */;
/*!40014 SET @OLD_UNIQUE_CHECKS=@@UNIQUE_CHECKS, UNIQUE_CHECKS=0 */;
/*!40014 SET @OLD_FOREIGN_KEY_CHECKS=@@FOREIGN_KEY_CHECKS, FOREIGN_KEY_CHECKS=0 */;
/*!40101 SET @OLD_SQL_MODE=@@SQL_MODE, SQL_MODE='NO_AUTO_VALUE_ON_ZERO' */;
/*!40111 SET @OLD_SQL_NOTES=@@SQL_NOTES, SQL_NOTES=0 */;

--
-- Table structure for table `bikes`
--

DROP TABLE IF EXISTS `bikes`;
/*!40101 SET @saved_cs_client     = @@character_set_client */;
/*!40101 SET character_set_client = utf8 */;
CREATE TABLE `bikes` (
  `bID` int(11) NOT NULL AUTO_INCREMENT,
  `bBrand` varchar(45) DEFAULT NULL,
  `bType` varchar(45) DEFAULT NULL,
  `bChassisNumber` varchar(45) DEFAULT NULL,
  `bVehicleNumber` varchar(45) DEFAULT NULL,
  `bAssignRider` varchar(45) DEFAULT NULL,
  `bInsuranceExpiry` varchar(20) NOT NULL,
  PRIMARY KEY (`bID`)
) ENGINE=InnoDB AUTO_INCREMENT=37 DEFAULT CHARSET=utf8;
/*!40101 SET character_set_client = @saved_cs_client */;

--
-- Dumping data for table `bikes`
--

LOCK TABLES `bikes` WRITE;
/*!40000 ALTER TABLE `bikes` DISABLE KEYS */;
INSERT INTO `bikes` VALUES (27,'Bajaj','Navi','1der43fgtbbbt','ACF 2323','John Doe','01/25/2018'),(35,'Honda','Navi','1der43fgtbbbt','ACF 2323','Eloise','04/19/2018'),(36,'Suzuki','TYPA','12121ASSDASDAsd','BCK-102456463','Kristian Rafael','12/12/2017');
/*!40000 ALTER TABLE `bikes` ENABLE KEYS */;
UNLOCK TABLES;

--
-- Table structure for table `document`
--

DROP TABLE IF EXISTS `document`;
/*!40101 SET @saved_cs_client     = @@character_set_client */;
/*!40101 SET character_set_client = utf8 */;
CREATE TABLE `document` (
  `docID` int(11) NOT NULL AUTO_INCREMENT,
  `docName` varchar(100) DEFAULT NULL,
  PRIMARY KEY (`docID`)
) ENGINE=InnoDB AUTO_INCREMENT=7 DEFAULT CHARSET=utf8;
/*!40101 SET character_set_client = @saved_cs_client */;

--
-- Dumping data for table `document`
--

LOCK TABLES `document` WRITE;
/*!40000 ALTER TABLE `document` DISABLE KEYS */;
INSERT INTO `document` VALUES (1,'National Identity Card '),(2,'Driving License'),(3,'Bank Pass Book'),(4,'Revenue License'),(5,'Vehicle License'),(6,'Vehicle Insurance');
/*!40000 ALTER TABLE `document` ENABLE KEYS */;
UNLOCK TABLES;

--
-- Table structure for table `fake_email`
--

DROP TABLE IF EXISTS `fake_email`;
/*!40101 SET @saved_cs_client     = @@character_set_client */;
/*!40101 SET character_set_client = utf8 */;
CREATE TABLE `fake_email` (
  `feID` int(11) NOT NULL AUTO_INCREMENT,
  `feContent` varchar(100) NOT NULL,
  PRIMARY KEY (`feID`)
) ENGINE=MyISAM DEFAULT CHARSET=latin1;
/*!40101 SET character_set_client = @saved_cs_client */;

--
-- Dumping data for table `fake_email`
--

LOCK TABLES `fake_email` WRITE;
/*!40000 ALTER TABLE `fake_email` DISABLE KEYS */;
/*!40000 ALTER TABLE `fake_email` ENABLE KEYS */;
UNLOCK TABLES;

--
-- Table structure for table `groups`
--

DROP TABLE IF EXISTS `groups`;
/*!40101 SET @saved_cs_client     = @@character_set_client */;
/*!40101 SET character_set_client = utf8 */;
CREATE TABLE `groups` (
  `id` mediumint(8) unsigned NOT NULL AUTO_INCREMENT,
  `name` varchar(20) NOT NULL,
  `description` varchar(100) NOT NULL,
  PRIMARY KEY (`id`)
) ENGINE=InnoDB AUTO_INCREMENT=3 DEFAULT CHARSET=latin1;
/*!40101 SET character_set_client = @saved_cs_client */;

--
-- Dumping data for table `groups`
--

LOCK TABLES `groups` WRITE;
/*!40000 ALTER TABLE `groups` DISABLE KEYS */;
INSERT INTO `groups` VALUES (1,'admin','Administrator'),(2,'members','General User');
/*!40000 ALTER TABLE `groups` ENABLE KEYS */;
UNLOCK TABLES;

--
-- Table structure for table `notification`
--

DROP TABLE IF EXISTS `notification`;
/*!40101 SET @saved_cs_client     = @@character_set_client */;
/*!40101 SET character_set_client = utf8 */;
CREATE TABLE `notification` (
  `nID` int(11) NOT NULL AUTO_INCREMENT,
  `nMessage` varchar(1000) CHARACTER SET utf8 COLLATE utf8_unicode_ci NOT NULL,
  `nDateTime` datetime NOT NULL,
  `nType` int(11) NOT NULL COMMENT '3-normal update, 4-scehdule',
  `uID` int(11) NOT NULL,
  `lID` int(11) NOT NULL,
  `rsID` int(11) NOT NULL,
  `lanID` int(11) NOT NULL DEFAULT '1',
  PRIMARY KEY (`nID`)
) ENGINE=MyISAM DEFAULT CHARSET=latin1;
/*!40101 SET character_set_client = @saved_cs_client */;

--
-- Dumping data for table `notification`
--

LOCK TABLES `notification` WRITE;
/*!40000 ALTER TABLE `notification` DISABLE KEYS */;
/*!40000 ALTER TABLE `notification` ENABLE KEYS */;
UNLOCK TABLES;

--
-- Table structure for table `notification_type`
--

DROP TABLE IF EXISTS `notification_type`;
/*!40101 SET @saved_cs_client     = @@character_set_client */;
/*!40101 SET character_set_client = utf8 */;
CREATE TABLE `notification_type` (
  `ntID` int(11) NOT NULL AUTO_INCREMENT,
  `ntType` varchar(45) DEFAULT NULL,
  `ntDescription` varchar(100) NOT NULL,
  PRIMARY KEY (`ntID`)
) ENGINE=InnoDB DEFAULT CHARSET=utf8;
/*!40101 SET character_set_client = @saved_cs_client */;

--
-- Dumping data for table `notification_type`
--

LOCK TABLES `notification_type` WRITE;
/*!40000 ALTER TABLE `notification_type` DISABLE KEYS */;
/*!40000 ALTER TABLE `notification_type` ENABLE KEYS */;
UNLOCK TABLES;

--
-- Table structure for table `pages`
--

DROP TABLE IF EXISTS `pages`;
/*!40101 SET @saved_cs_client     = @@character_set_client */;
/*!40101 SET character_set_client = utf8 */;
CREATE TABLE `pages` (
  `id` int(10) NOT NULL AUTO_INCREMENT,
  `title` varchar(50) DEFAULT NULL,
  `controller` varchar(50) DEFAULT NULL,
  `view` varchar(50) DEFAULT '',
  `url` varchar(50) DEFAULT NULL,
  `menu` varchar(50) DEFAULT NULL,
  `order` int(2) unsigned DEFAULT NULL,
  `require_login` int(1) unsigned DEFAULT '0',
  `group_id` int(10) unsigned DEFAULT '0',
  `parent_id` int(10) unsigned DEFAULT NULL,
  `active` int(1) unsigned DEFAULT '1',
  PRIMARY KEY (`id`)
) ENGINE=MyISAM AUTO_INCREMENT=17 DEFAULT CHARSET=latin1;
/*!40101 SET character_set_client = @saved_cs_client */;

--
-- Dumping data for table `pages`
--

LOCK TABLES `pages` WRITE;
/*!40000 ALTER TABLE `pages` DISABLE KEYS */;
INSERT INTO `pages` VALUES (1,'Home','welcome','',NULL,'main',1,0,0,NULL,1),(16,'Admin Control Panel','auth','',NULL,NULL,NULL,0,1,NULL,1),(9,'Home','welcome','',NULL,'bottom',0,1,0,NULL,1);
/*!40000 ALTER TABLE `pages` ENABLE KEYS */;
UNLOCK TABLES;

--
-- Table structure for table `passenger_profile`
--

DROP TABLE IF EXISTS `passenger_profile`;
/*!40101 SET @saved_cs_client     = @@character_set_client */;
/*!40101 SET character_set_client = utf8 */;
CREATE TABLE `passenger_profile` (
  `upID` int(11) NOT NULL AUTO_INCREMENT,
  `uID` int(11) NOT NULL,
  `pPhone` varchar(45) DEFAULT NULL,
  `pPrefferedRider` varchar(45) DEFAULT NULL,
  `pImage` varchar(100) DEFAULT NULL,
  `pPrefferedRiderType` int(11) DEFAULT NULL COMMENT '1 - Male 2 - Female 3 - Both  ',
  PRIMARY KEY (`upID`),
  KEY `fk_user_profile_user1_idx` (`uID`),
  CONSTRAINT `fk_user_profile_user1` FOREIGN KEY (`uID`) REFERENCES `user` (`uID`) ON DELETE NO ACTION ON UPDATE NO ACTION
) ENGINE=InnoDB AUTO_INCREMENT=91 DEFAULT CHARSET=utf8;
/*!40101 SET character_set_client = @saved_cs_client */;

--
-- Dumping data for table `passenger_profile`
--

LOCK TABLES `passenger_profile` WRITE;
/*!40000 ALTER TABLE `passenger_profile` DISABLE KEYS */;
INSERT INTO `passenger_profile` VALUES (11,545,NULL,NULL,NULL,0),(21,555,NULL,NULL,NULL,NULL),(22,556,NULL,NULL,NULL,NULL),(23,557,NULL,NULL,NULL,NULL),(24,558,NULL,NULL,NULL,NULL),(25,559,NULL,NULL,NULL,NULL),(26,560,NULL,NULL,NULL,NULL),(27,561,NULL,NULL,NULL,NULL),(28,562,NULL,NULL,NULL,NULL),(29,563,NULL,NULL,NULL,NULL),(30,566,'077123456','',NULL,NULL),(31,567,NULL,NULL,NULL,NULL),(32,568,NULL,NULL,NULL,NULL),(33,569,NULL,NULL,NULL,NULL),(34,570,NULL,NULL,NULL,NULL),(35,571,NULL,NULL,NULL,NULL),(36,572,NULL,NULL,NULL,NULL),(37,573,NULL,NULL,NULL,NULL),(38,574,NULL,NULL,NULL,NULL),(39,575,NULL,NULL,NULL,NULL),(40,576,NULL,NULL,NULL,NULL),(41,577,NULL,NULL,NULL,NULL),(42,578,NULL,NULL,NULL,NULL),(43,579,NULL,NULL,NULL,NULL),(44,580,'0771999999','1',NULL,1),(45,581,'077123456','',NULL,NULL),(46,582,NULL,NULL,NULL,NULL),(47,583,NULL,NULL,NULL,NULL),(48,584,NULL,NULL,NULL,NULL),(49,585,NULL,NULL,NULL,NULL),(50,586,NULL,NULL,NULL,NULL),(51,587,NULL,NULL,NULL,NULL),(52,588,NULL,NULL,NULL,NULL),(53,589,'94771988203','','56e77637a1d24a68edb9d312dfe06e39.jpg',1),(54,601,NULL,NULL,NULL,NULL),(55,602,'94718640619',NULL,'66b5d5a53a64fcdb73b204fc525df46b.jpg',1),(56,603,NULL,NULL,NULL,NULL),(57,604,NULL,NULL,NULL,NULL),(58,605,NULL,NULL,NULL,NULL),(59,606,NULL,NULL,NULL,NULL),(60,607,NULL,NULL,NULL,NULL),(61,608,NULL,NULL,NULL,NULL),(62,609,NULL,NULL,NULL,NULL),(63,610,NULL,NULL,NULL,NULL),(64,611,NULL,NULL,NULL,NULL),(65,612,NULL,NULL,NULL,NULL),(66,613,NULL,NULL,NULL,NULL),(67,614,NULL,NULL,NULL,NULL),(68,615,NULL,NULL,NULL,NULL),(69,616,NULL,NULL,NULL,NULL),(70,617,NULL,NULL,NULL,NULL),(71,618,NULL,NULL,NULL,NULL),(72,619,NULL,NULL,NULL,NULL),(73,620,'',NULL,'4be7e8d3fb751121d440e20b012ac929.jpg',0),(74,621,NULL,NULL,'4a20ae906bc8ab5de41492bcaaaba45c.png',NULL),(75,622,NULL,NULL,NULL,NULL),(76,623,NULL,NULL,NULL,NULL),(77,624,NULL,NULL,NULL,NULL),(78,625,NULL,NULL,NULL,NULL),(79,626,NULL,NULL,NULL,NULL),(80,627,NULL,NULL,NULL,NULL),(81,628,'0771999999',NULL,'8d294c2c1cb0b46f9630b5c3e98a585f.png',1),(82,629,NULL,NULL,NULL,NULL),(83,630,'94710710917',NULL,'f5996d69c6755d46ea640ee06da720e8.png',0),(84,631,'94710710917',NULL,'bba8e9d007ab630adda5b4185c5c2ebd.jpg',0),(85,632,'94710710917',NULL,'c921b690d36be02068e79492e250c75c.jpg',0),(86,633,'94710710917',NULL,'8074f0762b132677a2e79447c14bb5b8.jpg',0),(87,634,'94710710917',NULL,'25415f240fdb3faafb929fc768a1c714.jpg',0),(88,635,'',NULL,'60bd600f448b3f9792072809bd735c2b.jpg',0),(89,636,'94710710917',NULL,'fb024c1703dcf3a87af8687670c4ea99.jpg',0),(90,637,'94710710917',NULL,'a772c0115891e80bdd61d0ca4ed03328.jpg',0);
/*!40000 ALTER TABLE `passenger_profile` ENABLE KEYS */;
UNLOCK TABLES;

--
-- Table structure for table `price_master_details`
--

DROP TABLE IF EXISTS `price_master_details`;
/*!40101 SET @saved_cs_client     = @@character_set_client */;
/*!40101 SET character_set_client = utf8 */;
CREATE TABLE `price_master_details` (
  `pdID` int(11) NOT NULL AUTO_INCREMENT,
  `pdFirstKm` varchar(20) NOT NULL,
  `pdAddKm` varchar(20) NOT NULL,
  `pdWaitingMin` varchar(20) NOT NULL,
  PRIMARY KEY (`pdID`)
) ENGINE=MyISAM AUTO_INCREMENT=2 DEFAULT CHARSET=latin1;
/*!40101 SET character_set_client = @saved_cs_client */;

--
-- Dumping data for table `price_master_details`
--

LOCK TABLES `price_master_details` WRITE;
/*!40000 ALTER TABLE `price_master_details` DISABLE KEYS */;
INSERT INTO `price_master_details` VALUES (1,'20','15','3');
/*!40000 ALTER TABLE `price_master_details` ENABLE KEYS */;
UNLOCK TABLES;

--
-- Table structure for table `promo_code`
--

DROP TABLE IF EXISTS `promo_code`;
/*!40101 SET @saved_cs_client     = @@character_set_client */;
/*!40101 SET character_set_client = utf8 */;
CREATE TABLE `promo_code` (
  `idpc` int(11) NOT NULL AUTO_INCREMENT,
  `discount_type` varchar(30) DEFAULT NULL,
  `discount` int(50) DEFAULT NULL,
  `start_date` varchar(25) DEFAULT NULL,
  `promo_code` varchar(50) DEFAULT NULL,
  `expiration` varchar(25) DEFAULT NULL,
  `message` text,
  `recipients` varchar(45) DEFAULT NULL,
  `ride_total` int(50) DEFAULT NULL,
  `all_passenger` varchar(25) DEFAULT NULL COMMENT 'if 1 = ON, 0 = Off',
  `startDate1` varchar(25) DEFAULT NULL,
  `endDate1` varchar(25) DEFAULT NULL,
  `status` tinyint(4) DEFAULT NULL COMMENT '1 = Active, 2 = Pending, 3 = Expired',
  PRIMARY KEY (`idpc`)
) ENGINE=InnoDB AUTO_INCREMENT=3 DEFAULT CHARSET=latin1;
/*!40101 SET character_set_client = @saved_cs_client */;

--
-- Dumping data for table `promo_code`
--

LOCK TABLES `promo_code` WRITE;
/*!40000 ALTER TABLE `promo_code` DISABLE KEYS */;
INSERT INTO `promo_code` VALUES (1,'Percentage',120,'14/12/2017','000012','16/12/2017','test','Number of Rides',23,'1','09/12/2017','23/12/2017',1),(2,'Amount',320,'02/12/2017','000002','29/03/2018','The quick brown fox jump over the lazy dog,.','Number of Rides',150,'1','01/12/2017','29/12/2017',2);
/*!40000 ALTER TABLE `promo_code` ENABLE KEYS */;
UNLOCK TABLES;

--
-- Table structure for table `request_document`
--

DROP TABLE IF EXISTS `request_document`;
/*!40101 SET @saved_cs_client     = @@character_set_client */;
/*!40101 SET character_set_client = utf8 */;
CREATE TABLE `request_document` (
  `redID` int(11) NOT NULL AUTO_INCREMENT,
  `reqReason` varchar(200) NOT NULL,
  PRIMARY KEY (`redID`)
) ENGINE=MyISAM AUTO_INCREMENT=5 DEFAULT CHARSET=latin1;
/*!40101 SET character_set_client = @saved_cs_client */;

--
-- Dumping data for table `request_document`
--

LOCK TABLES `request_document` WRITE;
/*!40000 ALTER TABLE `request_document` DISABLE KEYS */;
INSERT INTO `request_document` VALUES (1,'I have changed my vehicle'),(2,'I have renewed my ID'),(3,'I have renewed my Revenue Licence '),(4,'I have renewed my Insurance ');
/*!40000 ALTER TABLE `request_document` ENABLE KEYS */;
UNLOCK TABLES;

--
-- Table structure for table `ride_history`
--

DROP TABLE IF EXISTS `ride_history`;
/*!40101 SET @saved_cs_client     = @@character_set_client */;
/*!40101 SET character_set_client = utf8 */;
CREATE TABLE `ride_history` (
  `tripID` int(11) NOT NULL AUTO_INCREMENT,
  `roomID` varchar(100) DEFAULT NULL,
  `rID` int(11) DEFAULT NULL,
  `uID` int(11) DEFAULT NULL,
  `riderName` varchar(45) DEFAULT NULL,
  `riderImage` varchar(200) DEFAULT NULL,
  `ratingParticularTrip` varchar(11) DEFAULT NULL,
  `pickupLocationName` varchar(200) DEFAULT NULL,
  `pickupLocationLatitude` varchar(200) DEFAULT NULL,
  `pickupLocationLongitude` varchar(200) DEFAULT NULL,
  `dropLocationName` varchar(200) DEFAULT NULL,
  `dropLocationLatitude` varchar(200) DEFAULT NULL,
  `dropLocationLongitude` varchar(200) DEFAULT NULL,
  `totalDistance` varchar(200) DEFAULT NULL,
  `totalAmount` varchar(200) DEFAULT NULL,
  `totalWaitingTime` varchar(200) DEFAULT NULL,
  `totalRideTime` varchar(200) DEFAULT NULL,
  `tSatus` int(11) DEFAULT NULL COMMENT '1 -  Rider Accept, 2 - On Ride, 3 - End Ride, 4 - Cancelled ',
  `cancelledReason` varchar(200) DEFAULT NULL,
  `rideDate` datetime DEFAULT NULL,
  `rideStartTime` datetime DEFAULT NULL,
  `rideEndTime` datetime DEFAULT NULL,
  `ridePromoCodeId` varchar(20) DEFAULT NULL,
  `rideAmount` varchar(20) DEFAULT NULL,
  PRIMARY KEY (`tripID`)
) ENGINE=MyISAM AUTO_INCREMENT=599 DEFAULT CHARSET=latin1;
/*!40101 SET character_set_client = @saved_cs_client */;

--
-- Dumping data for table `ride_history`
--

LOCK TABLES `ride_history` WRITE;
/*!40000 ALTER TABLE `ride_history` DISABLE KEYS */;
INSERT INTO `ride_history` VALUES (45,'e5b59f17-d267-4840-abc7-9bd9ecc9f8fd',24,589,'','','','Deshabandu P S Perera Mawatha','6.94','79.90000000000001','','0','79.90000000000001','10.65554584389008','20','0','427',4,'Rider getting late','2017-11-21 17:47:21',NULL,NULL,NULL,NULL),(47,'da5da70c-6c74-46f4-ac8c-58eb97ddd62f',23,589,'','','','Park Lane','6.908270213759419','79.89779979929318','','0','0','10.8','450','12','23',4,'Rider getting late','2017-12-06 17:47:21',NULL,NULL,NULL,NULL),(48,'adee4b67-d57b-4244-a2a0-474d1d2db7b1',23,589,'','','','Park Lane','6.908263717784461','79.89772603854527','Colombo 03','6.900996','79.8548823','11.6','520','15','222',4,'Rider getting late','2017-12-06 17:47:21',NULL,NULL,NULL,NULL),(49,'458b7fe7-57ee-4ca9-8c47-cf6757e6ad93',23,589,'','','','Park Lane','6.908253324224528','79.89773659974327','Colombo 03','6.900996','79.8548823','12.6','650.50','16','222',4,'Rider getting late','2017-12-06 17:47:21',NULL,NULL,NULL,NULL),(52,'d1a7c7fd-7bdb-46f7-a41a-44c65e77f549',24,589,'','','','Park Lane','6.908200769691642','79.89790457308283','','0','0','24.61299103589181','20','0','10',4,'Rider getting late','2017-11-28 10:38:49',NULL,NULL,NULL,NULL),(53,'ff4b632f-7b08-46da-a9c9-7ea016835c0b',38,638,'','','','Park Lane','6.908219377516683','79.89782787866881','Kollupitiya','6.900996','79.8548823','0','20','0','9',3,'','2017-11-28 13:34:53',NULL,NULL,NULL,NULL),(54,'10d79848-a055-4a15-8a18-ef5658506d50',38,638,'','','','Park Lane','6.908246316369845','79.89783967430232','','0','0','5.091471158346915','20','0','3',3,'','2017-11-28 13:44:16',NULL,NULL,NULL,NULL),(55,'dc829b18-ab56-4102-a0ac-e5df81b40c6e',38,638,'','','','Park Lane','6.9082499582838','79.89784109866709','Kollupitiya','6.900996','79.8548823','7.436096153141809','20','0','2',3,'','2017-11-28 13:54:32',NULL,NULL,NULL,NULL),(56,'dc829b18-ab56-4102-a0ac-e5df81b40c6e',38,638,'','','','Park Lane','6.908383894476446','79.89822354658527','1st Lane','6.913184052140458','79.90002896636724','7.436096153141809','20','0','2',3,'','2017-11-28 13:55:36',NULL,NULL,NULL,NULL),(57,'dc829b18-ab56-4102-a0ac-e5df81b40c6e',38,638,'','','','Park Lane','6.90829739199074','79.89783292784827','','0','0','7.436096153141809','20','0','2',3,'','2017-12-05 13:58:14',NULL,NULL,NULL,NULL),(58,'e98c0c8c-4ace-46ff-bdf0-0da6879a9dae',38,638,'','','','Park Lane','6.908246343376886','79.89784008002371','','0','0','','','','',4,'Rider getting late','2017-11-28 14:10:46',NULL,NULL,NULL,NULL),(59,'4f0ac0d3-bb9c-4d02-968b-bb1c42d689a4',38,638,'','','','Park Lane','6.908246318997276','79.89783973310043','Kollupitiya','6.900996','79.8548823','','','','',4,'Rider getting late','2017-11-28 14:14:08',NULL,NULL,NULL,NULL),(60,'2bd36cc6-5158-48d6-852a-194a7e2ae387',38,638,'','','','Park Lane','6.908246318997276','79.89783973310043','Kollupitiya','6.900996','79.8548823','','','','',4,'Rider getting late','2017-11-28 14:14:59',NULL,NULL,NULL,NULL),(61,'2bd36cc6-5158-48d6-852a-194a7e2ae387',38,638,'','','','Park Lane','6.908246343376886','79.89784008002371','','0','0','','','','',4,'Rider getting late','2017-11-28 14:15:04',NULL,NULL,NULL,NULL),(62,'2bd36cc6-5158-48d6-852a-194a7e2ae387',38,638,'','','','Park Lane','6.908246318997276','79.89783973310043','Kollupitiya','6.900996','79.8548823','','','','',4,'Rider getting late','2017-11-28 14:15:04',NULL,NULL,NULL,NULL),(63,'2bd36cc6-5158-48d6-852a-194a7e2ae387',38,638,'','','','Park Lane','6.908246318997276','79.89783973310043','Kollupitiya','6.900996','79.8548823','','','','',4,'Rider getting late','2017-11-28 14:15:07',NULL,NULL,NULL,NULL),(64,'2bd36cc6-5158-48d6-852a-194a7e2ae387',38,638,'','','','Park Lane','6.908246318997276','79.89783973310043','Kollupitiya','6.900996','79.8548823','','','','',4,'Rider getting late','2017-11-28 14:15:09',NULL,NULL,NULL,NULL),(65,'2bd36cc6-5158-48d6-852a-194a7e2ae387',38,638,'','','','Park Lane','6.908246318997276','79.89783973310043','Kollupitiya','6.900996','79.8548823','','','','',4,'Rider getting late','2017-11-28 14:15:09',NULL,NULL,NULL,NULL),(66,'c90f2045-084d-49cd-850a-599d7cda1c2a',38,638,'','','','Park Lane','6.908246318997276','79.89783973310043','Kollupitiya','6.900996','79.8548823','0','20','0','6',3,'','2017-11-28 14:15:37',NULL,NULL,NULL,NULL),(67,'bdc2050b-ba17-48f3-ab4a-1f37c6d6fcb4',38,638,'','','','Park Lane','6.908246318997276','79.89783973310043','Kollupitiya','6.900996','79.8548823','','','','',4,'Rider getting late','2017-11-28 14:16:31',NULL,NULL,NULL,NULL),(68,'bdc2050b-ba17-48f3-ab4a-1f37c6d6fcb4',38,638,'','','','Park Lane','6.908246318997276','79.89783973310043','Kollupitiya','6.900996','79.8548823','','','','',4,'Rider getting late','2017-11-28 14:16:42',NULL,NULL,NULL,NULL),(69,'a54d39e5-0408-4c74-9078-7bd6ab890739',38,638,'','','','Park Lane','6.908246318997276','79.89783973310043','Kollupitiya','6.900996','79.8548823','5.058656513945187','20','0','9',3,'','2017-11-28 14:16:59',NULL,NULL,NULL,NULL),(70,'ae053ccd-ffef-43f9-af58-83355ce2a474',38,638,'','','','Park Lane','6.908251102729589','79.8978338657263','','0','0','','','','',4,'Rider getting late','2017-11-28 14:19:38',NULL,NULL,NULL,NULL),(71,'aae1795e-c758-4e1b-932d-d4dac1066f77',38,638,'','','','Park Lane','6.908251102729589','79.8978338657263','','0','0','','','','',4,'Rider getting late','2017-11-28 14:20:17',NULL,NULL,NULL,NULL),(72,'2b00f644-1748-4182-bb9d-bfde1fda18a1',38,638,'','','','Park Lane','6.908246325214216','79.89783994155124','Kollupitiya','6.900996','79.8548823','8.092261313045864','20','0','8',3,'','2017-11-28 14:21:56',NULL,NULL,NULL,NULL),(73,'97062c6b-3cb5-4024-a223-b17630fdf486',38,638,'','','','Park Lane','6.908246323445','79.89783997900332','','0','0','0','20','0','21',4,'Rider getting late','2017-11-28 14:24:30',NULL,NULL,NULL,NULL),(74,'97062c6b-3cb5-4024-a223-b17630fdf486',38,638,'','','','Park Lane','6.908246323445','79.89783997900332','Kollupitiya','6.900996','79.8548823','','','','',4,'Rider getting late','2017-11-28 14:25:34',NULL,NULL,NULL,NULL),(75,'2f3bbc64-7ed1-4759-a758-558d4cec4a29',38,638,'','','','Park Lane','6.908246576912862','79.89784277373396','Kollupitiya','6.900996','79.8548823','0','20','0','38',3,'','2017-11-28 14:28:53',NULL,NULL,NULL,NULL),(76,'2f3bbc64-7ed1-4759-a758-558d4cec4a29',38,638,'','','','Park Lane','6.908246576912862','79.89784277373396','Pawulis Appuhami Mawatha','6.909093115703991','79.8993906006217','0','20','0','38',3,'','2017-11-28 14:29:28',NULL,NULL,NULL,NULL),(77,'0eb5791a-8836-4e1c-91ba-98481f37e5e7',38,638,'','','','Park Lane','6.908219419426199','79.89783005796363','218 Cotta Road','6.9119305804638','79.88579649478197','6.862191860586336','20','0','12',3,'','2017-11-28 14:39:13',NULL,NULL,NULL,NULL),(78,'5ab304e0-008b-427d-8f9e-a4d7e771d471',38,638,'','','','Park Lane','6.908245913310206','79.89783846700836','','0','0','0','20','0','6',3,'','2017-11-28 14:45:09',NULL,NULL,NULL,NULL),(79,'b3379ddd-4c3b-42ed-916c-7e8b50e75091',38,638,'','','','Park Lane','6.908245913310206','79.89783846700836','Battaramulla','6.8979941','79.9222869','7.519217343815986','20','0','1',4,'Rider getting late','2017-11-28 14:51:09',NULL,NULL,NULL,NULL),(80,'76f3efa4-19e6-4618-8f5b-a55915bf5dc1',38,589,'','','','Park Lane','6.908261328942057','79.89778772935261','Kollupitiya','6.900996','79.8548823','70.71901719808437','20','0','1',3,'','2017-11-28 15:05:29',NULL,NULL,NULL,NULL),(81,'978a9dfa-50d7-4c14-852d-1efe0e5449b4',38,589,'','','','Park Lane','6.908205924562092','79.897812539786','Sri Jayawardenepura Mawatha','6.908448401395477','79.89854637533426','','','','',4,'Rider getting late','2017-11-28 15:14:31',NULL,NULL,NULL,NULL),(82,'9961fa9d-39c6-432f-a5a4-d4731bf5bd39',24,589,'','','','Park Lane','6.908250406503932','79.89783315015271','Kollupitiya','6.900996','79.8548823','','','','',4,'Rider getting late','2017-11-28 16:15:42',NULL,NULL,NULL,NULL),(83,'03d9e59c-11f1-4647-b5af-cb452e22fee3',24,642,'','','','Park Lane','6.908191298141058','79.89784950397899','','0','0','','','','',4,'Rider getting late','2017-11-29 14:25:27',NULL,NULL,NULL,NULL),(84,'083351cd-048d-4585-a02b-b16b0f3973cb',36,589,'','','','Malalasekara Mawatha','6.897636079675305','79.87256010606124','Lotus Road','6.934221600000001','79.84505879999999','','','','',4,'Rider getting late','2017-11-30 11:37:06',NULL,NULL,NULL,NULL),(85,'638046d0-f57f-46e7-a5cf-9593d4f9d3c7',36,635,'','','','Park Lane','6.9082272','79.8978188','','0.0','0.0','','','','',3,'','2017-12-04 14:03:00',NULL,NULL,NULL,NULL),(86,'432d1166-bbd6-4b85-b665-6148435d2103',36,642,'','','','Park Lane','6.90818358679014','79.89783634439101','','0','0','','','','',4,'Rider getting late','2017-12-04 14:03:44',NULL,NULL,NULL,NULL),(87,'829eb818-8b29-4ee5-bf3b-9be62be09329',36,642,'','','','Park Lane','6.908256886533376','79.89779326140871','','0','0','','','','',4,'Rider getting late','2017-12-04 14:27:18',NULL,NULL,NULL,NULL),(88,'7a689538-d579-41e0-ae18-926593e4f2cf',36,642,'','','','Park Lane','6.908253240405497','79.89783483564844','','0','0','','','','',4,'Rider getting late','2017-12-04 14:30:06',NULL,NULL,NULL,NULL),(89,'41aa748f-0bb6-4691-ae0b-62c4ece0d4b3',36,642,'','','','Park Lane','6.908227130777117','79.89779326140871','','0','0','','','','',4,'Rider getting late','2017-12-04 14:30:30',NULL,NULL,NULL,NULL),(90,'1',24,574,'','','','Bamba','123456','12345645','Kollupity','2345678','876543','12378','123478','234','1234',3,'poor','2017-12-04 16:37:36',NULL,'2017-12-08 16:19:48',NULL,NULL),(91,'6f40d4a8-486e-4076-a632-42ad966a517f',32,635,'','','','Park Lane','6.9082371','79.8978119','','0.0','0.0','','','','',3,'','2017-12-04 16:51:58',NULL,NULL,NULL,NULL),(92,'1',24,574,'','','','Bamba','123456','12345645','Kollupity','2345678','876543','12378','123478','234','1234',3,'poor','2017-12-04 16:53:10',NULL,'2017-12-08 16:19:48',NULL,NULL),(93,'b4c2291e-9377-4223-a636-d770583f0826',32,635,'','','','Park Lane','6.9082369','79.8978122','','0.0','0.0','','','','',3,'','2017-12-04 16:58:05',NULL,NULL,NULL,NULL),(94,'b4f159f8-6b81-4f37-9faa-2e2212ee5aa5',32,635,'','','','Park Lane','6.9082847','79.8978197','','0.0','0.0','','','','',3,'','2017-12-04 17:00:41',NULL,NULL,NULL,NULL),(95,'5dd16e8f-488d-4f82-a642-e2a553aa3116',32,635,'','','','Park Lane','6.9082265','79.8978028','','0.0','0.0','','','','',3,'','2017-12-04 17:02:09',NULL,NULL,NULL,NULL),(96,'78c69125-6271-41a8-8123-07e799bd16af',32,635,'','','','Park Lane','6.9082254','79.8977977','','0.0','0.0','','','','',3,'','2017-12-04 17:03:43',NULL,NULL,NULL,NULL),(97,'1000f4f9-7378-45d0-8384-de6dd7baf8e5',32,635,'','','','Park Lane','6.9082216','79.8978379','','0.0','0.0','','','','',3,'','2017-12-04 17:06:00',NULL,NULL,NULL,NULL),(98,'697e3022-ece4-4623-b38b-09882f5da64a',32,635,'','','','Park Lane','6.9082309','79.8978339','','0.0','0.0','','','','',3,'','2017-12-04 17:06:40',NULL,NULL,NULL,NULL),(99,'6065b904-21fc-4990-880d-d90e36b82cd3',32,635,'','','','Park Lane','6.9082408','79.8977985','','0.0','0.0','','','','',3,'','2017-12-04 17:27:09',NULL,NULL,NULL,NULL),(100,'4b4970bf-df5d-476b-8890-a59bc5a4e9b1',32,635,'','','','Park Lane','6.9081557','79.897697','','0.0','0.0','','','','',3,'','2017-12-04 17:40:23',NULL,NULL,NULL,NULL),(101,'2e631a81-5afb-4fa0-a29a-c928402f735b',32,635,'','','','Park Lane','6.9082478','79.8977455','','0.0','0.0','','','','',3,'','2017-12-04 17:41:21',NULL,NULL,NULL,NULL),(102,'2e631a81-5afb-4fa0-a29a-c928402f735b',32,635,'','','','Park Lane','6.9081936','79.8977399','','0.0','0.0','','','','',3,'','2017-12-04 17:43:11',NULL,NULL,NULL,NULL),(103,'dafb5706-16fd-49b7-acb0-6752812cba1f',32,635,'','','','Park Lane','6.9081936','79.8977399','','0.0','0.0','','','','',3,'','2017-12-04 17:43:31',NULL,NULL,NULL,NULL),(104,'14a7c8d1-20df-436f-bffd-94fee00080be',32,635,'','','','10 Meda Welikada Rd, Sri Jayawardenepura Kotte','6.9104524381903065','79.8973309993744','Fort','6.9365199','79.84508','','','','',3,'','2017-12-04 17:46:16',NULL,NULL,NULL,NULL),(105,'e37a775e-5aa6-4e97-830b-e2c93ab10a25',32,635,'','','','Park Lane','6.9082329','79.897796','Tangalle','6.0243383','80.79407259999999','','','','',3,'','2017-12-04 17:46:53',NULL,NULL,NULL,NULL),(106,'da4705c3-99d5-408c-a94b-c7d154d8832a',32,635,'','','','Park Lane','6.9082525','79.8978087','','0.0','0.0','','','','',3,'','2017-12-04 17:50:34',NULL,NULL,NULL,NULL),(107,'d40c1a9d-b21b-4480-9e4c-f858571b7998',32,635,'','','','Park Lane','6.9082376','79.8978033','','0.0','0.0','','','','',3,'','2017-12-04 17:51:12',NULL,NULL,NULL,NULL),(108,'c43dd545-4b03-48b3-bc50-5a7cb6699a04',32,635,'','','','Park Lane','6.9082272','79.8977988','','0.0','0.0','','','','',3,'','2017-12-04 17:51:58',NULL,NULL,NULL,NULL),(109,'6d462542-5c07-4fc2-9058-af97fa11dcec',32,635,'','','','Park Lane','6.9082182','79.8978136','','0.0','0.0','','','','',3,'','2017-12-04 17:53:25',NULL,NULL,NULL,NULL),(110,'f92c499c-c99d-47c7-976e-0983e5e1cb48',32,635,'','','','Park Lane','6.9082333','79.8977938','','0.0','0.0','','','','',3,'','2017-12-04 17:54:12',NULL,NULL,NULL,NULL),(111,'cd6f26e3-b608-4fa1-8e3b-3873aea1e0b8',32,635,'','','','Park Lane','6.9082318','79.897798','','0.0','0.0','','','','',3,'','2017-12-04 17:54:26',NULL,NULL,NULL,NULL),(112,'cd6f26e3-b608-4fa1-8e3b-3873aea1e0b8',32,635,'','','','Park Lane','6.9082264','79.8978197','','0.0','0.0','','','','',3,'','2017-12-04 18:36:47',NULL,NULL,NULL,NULL),(113,'b261e74a-dc71-44a4-b8c4-2603e9dddcf5',32,635,'','','','Park Lane','6.9082245','79.8978168','','0.0','0.0','','','','',3,'','2017-12-04 19:01:02',NULL,NULL,NULL,NULL),(114,'d00add2e-99d1-4b99-898d-e06c9ebcadd3',32,635,'','','','Borella - Rajagiriya Road','6.9102370903488195','79.89423505961895','Perera Mawatha','6.911382726424628','79.90475300699472','','','','',3,'','2017-12-04 19:01:51',NULL,NULL,NULL,NULL),(115,'ce0ab48b-f5a5-4d06-9033-58ba9c07a48b',32,635,'','','','Park Lane','6.9081908','79.8978292','','0.0','0.0','','','','',3,'','2017-12-05 10:34:14',NULL,NULL,NULL,NULL),(116,'e5ff65ac-be2c-42f5-b356-af48f34b8903',32,635,'','','','Park Lane','6.9082489','79.897847','','0.0','0.0','0.0 Km','LKR 20.55','195000 Minutes','204000 min',3,'','2017-12-05 10:41:50',NULL,NULL,NULL,NULL),(117,'00872c6c-7826-44c8-8515-e9a10bbe8144',32,635,'','','','Park Lane','6.9082923','79.8977434','','0.0','0.0','0.0 Km','LKR 21.45','485000 Minutes','518000 min',3,'','2017-12-05 10:43:30',NULL,NULL,NULL,NULL),(118,'60e3e4ae-39f2-4851-af77-d18c4fa7745c',32,635,'','','','Park Lane','6.9082262','79.8978197','','0.0','0.0','0.0 Km','LKR 31.65','3 Minutes','3 min',3,'','2017-12-05 10:47:08',NULL,NULL,NULL,NULL),(119,'60e3e4ae-39f2-4851-af77-d18c4fa7745c',32,635,'','','','Park Lane','6.9082475','79.8978029','','0.0','0.0','0.0 Km','LKR 31.65','3 Minutes','3 min',3,'','2017-12-05 10:48:48',NULL,NULL,NULL,NULL),(120,'5445740a-908d-4925-9ec2-ee955c5f78ee',32,635,'','','','Park Lane','6.9082821','79.8977821','','0.0','0.0','0.0 Km','LKR 23.05','1 Minutes','1 min',3,'','2017-12-05 10:59:11',NULL,NULL,NULL,NULL),(121,'2107253a-8cab-408b-99e7-a1f5baf94e98',32,635,'','','','Park Lane','6.9082361','79.8978278','','0.0','0.0','0.0 Km','LKR 20.65','0 Minutes','0 min',3,'','2017-12-05 11:02:43',NULL,NULL,NULL,NULL),(122,'12a51171-16ba-4472-8df8-4a1d244f0f9a',32,635,'','','','Sri Jayawardenepura Mawatha','6.909159018304485','79.89699907600881','Fort','6.9365199','79.84508','','','','',3,'','2017-12-05 11:05:01',NULL,NULL,NULL,NULL),(123,'0a3a3701-16b6-43e5-aa46-0592ef15e209',32,635,'','','','18 Rodney Pl, Colombo 00800','6.913160753440725','79.88562282174826','Fort','6.9365199','79.84508','','','','',3,'','2017-12-05 11:06:45',NULL,NULL,NULL,NULL),(124,'24d3fd3e-05ca-417d-a523-05eda34f72dc',32,635,'','','','Park Lane','6.908234384009414','79.89781010895969','Fort','6.9365199','79.84508','','','','',3,'','2017-12-05 11:09:29',NULL,NULL,NULL,NULL),(125,'8191b25d-52e1-4f3e-a853-0fc9a1ed625a',32,635,'','','','107 Ven. Pelpola Vipassi Nahimi Mawatha, Colombo 00800','6.909792415051986','79.88163571804762','Fort','6.9365199','79.84508','','','','',3,'','2017-12-05 11:14:56',NULL,NULL,NULL,NULL),(126,'6b24cc47-a4de-457a-bd3a-70b567a03c11',32,635,'','','','Borella - Rajagiriya Road','6.910097630102389','79.8946987465024','Fort','6.9365199','79.84508','','','','',3,'','2017-12-05 11:17:54',NULL,NULL,NULL,NULL),(127,'60c1370b-d701-4f74-b2a6-17ae54a860f5',32,635,'','','','Cotta Road','6.909415638949205','79.8959332332015','Fort','6.9365199','79.84508','','','','',3,'','2017-12-05 11:19:36',NULL,NULL,NULL,NULL),(128,'c2d40bdf-1095-476f-81e0-4dbede8b45da',32,635,'','','','562 Welikada Terrace, Sri Jayawardenepura Kotte','6.9047624959027125','79.8947473615408','Fort','6.9365199','79.84508','0.0 Km','LKR 23.70','1 Minutes','1 min',3,'','2017-12-05 11:22:35',NULL,NULL,NULL,NULL),(129,'c2d40bdf-1095-476f-81e0-4dbede8b45da',32,635,'','','','Park Lane','6.9082779863152055','79.8971113935113','Fort','6.9365199','79.84508','0.0 Km','LKR 23.70','1 Minutes','1 min',3,'','2017-12-05 11:32:18',NULL,NULL,NULL,NULL),(130,'aab1cee8-7820-478a-9b1e-34024c58a52e',32,635,'','','','Janadhipathi Vidyala Mawatha','6.90629956924826','79.89206045866013','Tangalle','6.0243383','80.79407259999999','0.0 Km','LKR 114.60','31 Minutes','31 min',3,'','2017-12-05 11:36:34',NULL,NULL,NULL,NULL),(131,'aab1cee8-7820-478a-9b1e-34024c58a52e',32,635,'','','','Park Lane','6.908227','79.8978196','B335','6.8482184','79.92543529999999','0.0 Km','LKR 114.60','31 Minutes','31 min',3,'','2017-12-05 11:38:29',NULL,NULL,NULL,NULL),(132,'050bf55b-4114-48c4-b05c-1272b6090a99',32,635,'','','','Park Lane','6.9082369','79.897812','','0.0','0.0','0.0 Km','LKR 69.30','16 Minutes','16 min',3,'','2017-12-05 12:20:18',NULL,NULL,NULL,NULL),(133,'7f5e2e22-948b-45ad-95e8-0c56779cd32a',32,635,'','','','Park Lane','6.9082314','79.8978505','','0.0','0.0','0.0 Km','LKR 20.00','0 Minutes','0 min',3,'','2017-12-05 12:44:07',NULL,NULL,NULL,NULL),(134,'fd0d42f4-779f-45a1-8946-6fa6bb835d4a',32,635,'','','','Park Lane','6.9082314','79.8978505','','0.0','0.0','0.0 Km','LKR 20.00','0 Minutes','0 min',3,'','2017-12-05 12:44:39',NULL,NULL,NULL,NULL),(135,'e6a50578-c691-4140-af1e-0263503e5049',32,635,'','','','Park Lane','6.9082314','79.8978505','','0.0','0.0','0.21122736 Km','LKR 328.05','102 Minutes','105 min',3,'','2017-12-05 12:45:00',NULL,NULL,NULL,NULL),(136,'9d15e5b5-c259-4059-9046-c160082e5061',32,635,'','','','Park Lane','6.9082266','79.8978194','','0.0','0.0','0.0 Km','LKR 20.15','0 Minutes','0 min',3,'','2017-12-05 17:00:25',NULL,NULL,NULL,NULL),(137,'e79d24ae-ddbc-40d2-8109-e96d7c69984d',32,635,'','','','Park Lane','6.9083498','79.8972483','','0.0','0.0','0.0 Km','LKR 20.40','0 Minutes','0 min',3,'','2017-12-05 17:01:15',NULL,NULL,NULL,NULL),(138,'22b796b5-d7b2-4eb8-b014-5fbd6e93acbb',32,635,'','','','Sri Jayawardenepura Mawatha','6.90842','79.8974045','','0.0','0.0','0.0 Km','LKR 20.05','0 Minutes','0 min',3,'','2017-12-05 17:02:08',NULL,NULL,NULL,NULL),(139,'cf152ec7-e909-4840-9e7e-8697e57510d2',36,642,'','','','Park Lane','6.908211456618186','79.89780834883442','','0','0','0','20','0','5',3,'','2017-12-05 17:10:53',NULL,NULL,NULL,NULL),(140,'9bd992e1-bc4e-4488-a25b-162650027cef',32,635,'','','','Park Lane','6.9082253','79.8977928','','0.0','0.0','0.0 Km','LKR 20.00','0 Minutes','0 min',3,'','2017-12-05 17:11:12',NULL,NULL,NULL,NULL),(141,'0ff0ad8d-d5d0-435d-9d6f-741f8ff8a225',32,635,'','','','Park Lane','6.9082422','79.8978286','','0.0','0.0','0.0 Km','LKR 21.00','0 Minutes','0 min',3,'','2017-12-05 17:16:35',NULL,NULL,NULL,NULL),(142,'7312593d-3ed9-4ff5-91ef-c3481243ba7a',32,635,'','','','Park Lane','6.9082484','79.8978394','','0.0','0.0','0.0 Km','LKR 20.00','0 Minutes','0 min',3,'','2017-12-05 17:19:05',NULL,NULL,NULL,NULL),(143,'c9805a82-ab83-48da-8507-e51248e62279',32,635,'','','','Park Lane','6.9082467','79.8978','','0.0','0.0','','','','',3,'','2017-12-05 17:20:23',NULL,NULL,NULL,NULL),(144,'e055e5c5-e42a-4368-820e-18685906d41d',36,642,'','','','Park Lane','6.908238069160756','79.897817820385','','0','0','5.025154539371911','20','0','11',3,'','2017-12-05 17:26:38',NULL,NULL,NULL,NULL),(145,'76e636e0-05af-46e0-902f-7c5e2851e582',36,642,'','','','Park Lane','6.908234297304329','79.89779711708417','','0','0','10.68944817470606','20','0','5',3,'','2017-12-05 17:29:10',NULL,NULL,NULL,NULL),(146,'ec776651-9fb3-4238-86ab-53031ecfb654',36,642,'','','','Park Lane','6.908273859887299','79.89778278402974','','0','0','0','20','0','8',3,'','2017-12-05 17:34:35','2017-12-06 00:16:18','2017-12-08 00:14:20',NULL,'100'),(147,'14d6e98e-dfee-471c-837a-a018f58d886b',32,635,'','','','Park Lane','6.9082272','79.8978194','','0.0','0.0','0.0 Km','LKR 20.00','0 Minutes','0 min',3,'','2017-12-05 17:37:21',NULL,NULL,NULL,NULL),(148,'c85d3e3a-5a2a-42dc-82f0-d837243d3f33',36,642,'','','','Park Lane','6.908217407769437','79.89779426723709','','0','0','0','20','0','1',3,'','2017-12-05 17:38:14',NULL,NULL,NULL,NULL),(149,'4696cccc-05a7-4cbc-b553-03c4ae6acc28',32,635,'','','','Park Lane','6.9082449','79.897814','','0.0','0.0','0.0 Km','LKR 20.00','0 Minutes','0 min',3,'','2017-12-05 17:38:56',NULL,NULL,NULL,NULL),(150,'12cd81e0-12e6-4e85-aef4-27ec63e9b502',32,635,'','','','Park Lane','6.9082333','79.8978317','','0.0','0.0','','','','',3,'','2017-12-05 17:41:51',NULL,NULL,NULL,NULL),(151,'1b32354a-f251-4f04-8a50-71e313c4168c',32,635,'','','','Park Lane','6.90823','79.8978433','','0.0','0.0','','','','',3,'','2017-12-05 17:44:04',NULL,NULL,NULL,NULL),(152,'a4a9a870-86e5-4ccd-a7e2-0a2a6b8706e6',32,635,'','','','Park Lane','6.9082567','79.8978483','','0.0','0.0','0.0 Km','LKR 20.40','0 Minutes','0 min',3,'','2017-12-05 17:47:26',NULL,NULL,NULL,NULL),(153,'2626681d-3bd5-497d-99e4-e94055b555b3',32,635,'','','','Park Lane','6.9082373','79.8978117','','0.0','0.0','0.0 Km','LKR 20.10','0 Minutes','0 min',3,'','2017-12-05 17:48:22',NULL,NULL,NULL,NULL),(154,'1fe42773-42ad-49db-89f9-82b5f9383f5c',36,642,'','','','Park Lane','6.90826878883588','79.89784221172323','','0','0','0','20','0','6',3,'','2017-12-05 17:57:02','2017-12-20 00:00:00','2017-12-19 00:28:13',NULL,'100'),(155,'2bd9ec12-85f8-4ada-9a5e-c4c24475f5bc',36,642,'','','','Park Lane','6.908234842128035','79.89782318480303','','0','0','4.30298020649335','20','0','7',3,'','2017-12-05 18:13:22',NULL,NULL,NULL,NULL),(156,'2bd9ec12-85f8-4ada-9a5e-c4c24475f5bc',36,642,'','','','Park Lane','6.908234842128035','79.89782318480303','','0','0','4.30298020649335','20','0','7',3,'','2017-12-05 18:14:28',NULL,NULL,NULL,NULL),(157,'f64b5a3b-c9b8-454f-9a3e-dcb7487a5544',32,635,'','','','Park Lane','6.9082263','79.8978191','','0.0','0.0','0.0 Km','LKR 20.00','0 Minutes','0 min',3,'','2017-12-05 18:14:40',NULL,NULL,NULL,NULL),(158,'56a60498-8a33-4830-b421-8fbf755ee110',36,642,'','','','Park Lane','6.90826099366593','79.89784816287448','','0','0','9.338176221249157','20','0','8',3,'','2017-12-05 18:19:15',NULL,NULL,NULL,NULL),(159,'8eaa1ecf-aa38-4ad8-80c9-addc65e60177',32,635,'','','','Park Lane','6.9082262','79.8978185','','0.0','0.0','0.0 Km','LKR 20.10','0 Minutes','0 min',3,'','2017-12-05 18:19:48',NULL,NULL,NULL,NULL),(160,'de81019e-9dca-430f-a571-c4ebde7c2e8a',32,635,'','','','Park Lane','6.9082265','79.8978185','','0.0','0.0','0.0 Km','LKR 20.05','0 Minutes','0 min',3,'','2017-12-05 18:20:24',NULL,NULL,NULL,NULL),(161,'d4e89574-f451-4eee-acdb-a274af4e8bda',32,635,'','','','Park Lane','6.9082265','79.8978184','','0.0','0.0','0.0 Km','LKR 20.00','0 Minutes','0 min',3,'','2017-12-05 18:22:02',NULL,NULL,NULL,NULL),(162,'cd5ff0c6-3d7a-47ed-9d7f-c530d21cca5f',32,635,'','','','Park Lane','6.9082261','79.8978186','','0.0','0.0','0.0 Km','LKR 20.05','0 Minutes','0 min',3,'','2017-12-05 18:24:18',NULL,NULL,NULL,NULL),(163,'d9c74051-5ad2-41cb-bd62-0c2b3a8ac6db',32,635,'','','','Park Lane','6.9082617','79.8978817','','0.0','0.0','0.0 Km','LKR 20.05','0 Minutes','0 min',3,'','2017-12-05 18:28:48',NULL,NULL,NULL,NULL),(164,'b7c3efbf-a5c5-444c-9e30-12697ad76116',32,635,'','','','Park Lane','6.9082263','79.8978184','','0.0','0.0','0.0 Km','LKR 20.20','0 Minutes','0 min',3,'','2017-12-05 18:30:57',NULL,NULL,NULL,NULL),(165,'34039346-ceb6-4000-808b-66f382d4d4ef',32,635,'','','','Park Lane','6.9082917','79.8978833','','0.0','0.0','0.0 Km','LKR 22.20','0 Minutes','0 min',3,'','2017-12-05 18:40:49',NULL,NULL,NULL,NULL),(166,'b58821bc-bc1a-494a-a96e-c1f53c32451e',32,635,'','','','Park Lane','6.9082601','79.8978242','','0.0','0.0','0.0 Km','LKR 20.00','0 Minutes','0 min',3,'','2017-12-05 18:44:13',NULL,NULL,NULL,NULL),(167,'a7cb9f19-0fc7-4386-a211-9bc1a112e5dd',32,635,'','','','Park Lane','6.90826','79.8977783','','0.0','0.0','0.0 Km','LKR 20.00','0 Minutes','0 min',3,'','2017-12-05 18:48:26',NULL,NULL,NULL,NULL),(168,'c66372fc-fe22-46b9-962e-501cbf96faa0',32,635,'','','','Park Lane','6.90826','79.8977783','','0.0','0.0','0.0 Km','LKR 20.00','0 Minutes','0 min',3,'','2017-12-05 18:48:48',NULL,NULL,NULL,NULL),(169,'b58821bc-bc1a-494a-a96e-c1f53c32451e',32,635,'','','','Park Lane','6.908212','79.8978081','','0.0','0.0','0.0 Km','LKR 20.00','0 Minutes','0 min',3,'','2017-12-05 18:49:50',NULL,NULL,NULL,NULL),(170,'69fba3fa-49d2-4bd4-a841-414581040e33',32,635,'','','','Park Lane','6.9082371','79.8978117','','0.0','0.0','0.0 Km','LKR 20.05','0 Minutes','0 min',3,'','2017-12-05 18:53:22',NULL,NULL,NULL,NULL),(171,'0a7dfa9b-498a-495b-9725-c14c7c2612f7',32,635,'','','','Park Lane','6.9082448','79.8978412','','0.0','0.0','0.0 Km','LKR 20.00','0 Minutes','0 min',3,'','2017-12-05 18:54:39',NULL,NULL,NULL,NULL),(172,'aa69025a-6453-4535-bf7f-5998cca3af1c',32,635,'','','','Park Lane','6.9082556','79.8978165','','0.0','0.0','0.0 Km','LKR 20.50','0 Minutes','0 min',3,'','2017-12-05 19:06:18',NULL,NULL,NULL,NULL),(173,'f355dde5-bfb4-4a76-bd03-91ebfd056236',32,635,'','','','Park Lane','6.9082401','79.89782','','0.0','0.0','0.0 Km','LKR 20.05','0 Minutes','0 min',3,'','2017-12-05 19:08:50',NULL,NULL,NULL,NULL),(174,'d9639820-87bc-4a72-80ca-c9b869c9d055',32,635,'','','','Park Lane','6.9082359','79.8978055','','0.0','0.0','0.0 Km','LKR 20.50','0 Minutes','0 min',3,'','2017-12-05 19:10:00',NULL,NULL,NULL,NULL),(175,'f723ff55-2776-45b5-8ffd-876e74a7dbca',32,635,'','','','Park Lane','6.9082362','79.8978048','','0.0','0.0','0.0 Km','LKR 20.00','0 Minutes','0 min',3,'','2017-12-05 19:10:19',NULL,NULL,NULL,NULL),(176,'1f64e992-7dce-40ff-a832-07fe4d6360b0',32,635,'','','','Park Lane','6.9082369','79.8978055','','0.0','0.0','0.0 Km','LKR 20.15','0 Minutes','0 min',3,'','2017-12-05 19:10:48',NULL,NULL,NULL,NULL),(177,'efd6ffa1-e971-48ab-b9f7-940dff98ea6e',32,635,'','','','Park Lane','6.9082835','79.8977925','','0.0','0.0','0.0 Km','LKR 20.05','0 Minutes','0 min',3,'','2017-12-05 19:14:42',NULL,NULL,NULL,NULL),(178,'f7f1d91d-9300-42d5-8b7d-d84f35a932d7',32,635,'','','','Park Lane','6.9083123','79.8977685','','0.0','0.0','0.0 Km','LKR 20.10','0 Minutes','0 min',3,'','2017-12-05 19:14:53',NULL,NULL,NULL,NULL),(179,'96ed55ed-bf96-4c89-8e4a-3d73c12ce32d',32,635,'','','','Park Lane','6.9082535','79.8977837','','0.0','0.0','0.0 Km','LKR 20.00','0 Minutes','0 min',3,'','2017-12-06 09:54:03',NULL,NULL,NULL,NULL),(180,'dcabdb9b-b7d3-4a87-abc0-400243583116',32,635,'','','','Park Lane','6.908275','79.8978433','','0.0','0.0','0.0 Km','LKR 20.45','0 Minutes','0 min',3,'','2017-12-06 10:32:50',NULL,NULL,NULL,NULL),(181,'135da6b7-37e8-4495-be96-838b9c004a21',32,635,'','','','Park Lane','6.9082266','79.8978199','','0.0','0.0','','','','',3,'','2017-12-06 10:33:30',NULL,NULL,NULL,NULL),(182,'4d9ea859-3136-476a-ae6f-6c07b94dc5ae',32,635,'','','','Park Lane','6.908226','79.8978206','Castle Street','6.9084167814145125','79.89310283213854','0.0 Km','LKR 20.10','0 Minutes','0 min',3,'','2017-12-06 10:34:13',NULL,NULL,NULL,NULL),(183,'4d9ea859-3136-476a-ae6f-6c07b94dc5ae',32,635,'','','','Park Lane','6.9082383','79.8979467','','0.0','0.0','','','','',3,'','2017-12-06 10:35:58',NULL,NULL,NULL,NULL),(184,'c7749e3e-3fc8-4447-b9b9-47386aabfce0',32,635,'','','','Park Lane','6.9082263','79.8978197','Castle Street','6.9084167814145125','79.89310283213854','0.0 Km','LKR 20.05','0 Minutes','0 min',3,'','2017-12-06 10:37:54',NULL,NULL,NULL,NULL),(185,'2170085f-30ec-4776-934f-30ead5ea0dbe',32,635,'','','','Park Lane','6.9082263','79.8978198','','0.0','0.0','','','','',3,'','2017-12-06 10:40:31',NULL,NULL,NULL,NULL),(186,'3294fdbe-bad9-4008-8c01-8d7306f47720',32,635,'','','','Park Lane','6.9082263','79.8978198','Galle','6.053518500000001','80.2209773','','','','',3,'','2017-12-06 10:42:03',NULL,NULL,NULL,NULL),(187,'9ba3be75-6b85-42e0-afda-fd918f2bee12',32,635,'','','','Park Lane','6.9082272','79.8978195','','0.0','0.0','','','','',4,'','2017-12-06 11:03:14',NULL,NULL,NULL,NULL),(188,'66c29d8c-f4d0-403e-bd1f-82d728930a46',32,635,'','','','Park Lane','6.9082583','79.8978267','','0.0','0.0','0.0 Km','LKR 20.10','0 Minutes','0 min',3,'','2017-12-06 11:04:18',NULL,NULL,NULL,NULL),(189,'06844fda-780e-4884-8bb2-02f9338245d5',32,635,'','','','Borella - Rajagiriya Road','6.909635979780744','79.8971764370799','Castle Street','6.9084167814145125','79.89310283213854','0.0 Km','LKR 20.50','0 Minutes','0 min',3,'','2017-12-06 11:23:32',NULL,NULL,NULL,NULL),(190,'ab7fe138-ac30-4de8-ac0e-911cc312fe94',32,635,'','','','Castle Street','6.908316928829201','79.89535454660655','Castle Street','6.9084167814145125','79.89310283213854','0.0 Km','LKR 20.05','0 Minutes','0 min',3,'','2017-12-06 11:24:25',NULL,NULL,NULL,NULL),(191,'3485f3f2-2315-48ba-926c-420f0acaf2ef',32,635,'','','','Park Lane','6.9082383','79.897805','1586 Borella - Rajagiriya Rd, Sri Jayawardenepura Kotte','6.910506025505015','79.89340826869011','0.0 Km','LKR 20.05','0 Minutes','0 min',3,'','2017-12-06 11:25:55',NULL,NULL,NULL,NULL),(192,'6cb9521a-4e2c-41a1-82c3-5beeecaf9fca',32,635,'','','','Park Lane','6.9082273','79.8978196','','0.0','0.0','0.0 Km','LKR 21.00','0 Minutes','0 min',3,'','2017-12-06 11:30:28',NULL,NULL,NULL,NULL),(193,'560a96ae-075d-44b4-95d9-fcf140d1376c',32,635,'','','','Janadhipathi Vidyala Mawatha','6.905537690078629','79.8918767273426','Castle Street','6.9084167814145125','79.89310283213854','0..0 Km','LKR 36.75','5 Minutes','0 min',3,'','2017-12-06 11:32:12',NULL,NULL,NULL,NULL),(194,'87ee3489-14f3-4a89-9d94-aec4cc48e1bf',32,635,'','','','13-41 Dharmapala Pl, Sri Jayawardenepura Kotte','6.912517376035931','79.89539980888367','Perera Mawatha','6.911382726424628','79.90475300699472','','','','',3,'','2017-12-06 11:37:40',NULL,NULL,NULL,NULL),(195,'2d776ab7-ea62-4940-9a32-4c64baa0d3b6',32,635,'','','','Park Lane','6.9081883','79.8978083','','0.0','0.0','0.0 Km','LKR 20.05','0 Minutes','0 min',3,'','2017-12-06 11:40:13',NULL,NULL,NULL,NULL),(196,'2b319c72-bbbf-4109-be52-89bec178165d',32,635,'','','','Circular Lane','6.911020263713099','79.89552017301321','Fife Road','6.89020065850178','79.86988227814437','0.0 Km','LKR 20.05','0 Minutes','0 min',3,'','2017-12-06 11:41:25',NULL,NULL,NULL,NULL),(197,'7a7d7b63-6b82-430d-918a-83f2168c353d',32,635,'','','','Park Lane','6.9082273','79.8978196','','0.0','0.0','0.0 Km','LKR 20.35','0 Minutes','0 min',3,'','2017-12-06 11:42:15',NULL,NULL,NULL,NULL),(198,'7faf0de3-46c8-4b86-b2dd-126f93cbb0a0',32,635,'','','','61 Dharmapala Pl, Sri Jayawardenepura Kotte','6.911025256314321','79.8949746787548','Castle Street','6.9084167814145125','79.89310283213854','0.0 Km','LKR 23.05','1 Minutes','1 min',3,'','2017-12-06 11:44:34',NULL,NULL,NULL,NULL),(199,'08e7fc40-37ce-44c7-83d6-3a2f9be910f4',32,635,'','','','Samudradevi Reception Hall','6.909598368739723','79.89944290369749','264 Jinadasa Niyathapala Mawatha, Sri Jayawardenepura Kotte 00500','6.888107330543457','79.88746784627438','0.0 Km','LKR 20.10','0 Minutes','0 min',3,'','2017-12-06 11:51:08',NULL,NULL,NULL,NULL),(200,'08e7fc40-37ce-44c7-83d6-3a2f9be910f4',32,635,'','','','Park Lane','6.9082363','79.8978367','','0.0','0.0','0.0 Km','LKR 20.10','0 Minutes','0 min',3,'','2017-12-06 11:51:53',NULL,NULL,NULL,NULL),(201,'08e7fc40-37ce-44c7-83d6-3a2f9be910f4',32,635,'','','','Park Lane','6.9082212','79.8978362','','0.0','0.0','0.0 Km','LKR 20.10','0 Minutes','0 min',3,'','2017-12-06 11:53:12',NULL,NULL,NULL,NULL),(202,'346d7315-c955-41b8-861b-5dff8fe9c263',32,635,'','','','Park Lane','6.9082256','79.897835','','0.0','0.0','0..0 Km','LKR 20.15','0 Minutes','0 min',3,'','2017-12-06 11:54:35',NULL,NULL,NULL,NULL),(203,'346d7315-c955-41b8-861b-5dff8fe9c263',32,635,'','','','Park Lane','6.9082257','79.8978424','','0.0','0.0','0..0 Km','LKR 20.15','0 Minutes','0 min',3,'','2017-12-06 11:56:00',NULL,NULL,NULL,NULL),(204,'809a123c-5ee7-436c-a04b-2f077249ac50',32,635,'','','','Park Lane','6.9082479','79.897824','','0.0','0.0','0..0 Km','LKR 20.85','0 Minutes','0 min',3,'','2017-12-06 11:57:39',NULL,NULL,NULL,NULL),(205,'52107e8c-4bcb-48fc-89d7-3c3b1a998ffc',32,635,'','','','Park Lane','6.9082482','79.8978281','','0.0','0.0','0.0 Km','LKR 20.55','0 Minutes','0 min',3,'','2017-12-06 11:58:12',NULL,NULL,NULL,NULL),(206,'9c26edfa-434e-4e19-8a85-1100963d7c74',32,635,'','','','Park Lane','6.908249','79.8978333','','0.0','0.0','0.0 Km','LKR 20.65','0 Minutes','0 min',3,'','2017-12-06 11:59:51',NULL,NULL,NULL,NULL),(207,'9c26edfa-434e-4e19-8a85-1100963d7c74',32,635,'','','','Park Lane','6.9082333','79.8977679','','0.0','0.0','0.0 Km','LKR 20.65','0 Minutes','0 min',3,'','2017-12-06 12:00:49',NULL,NULL,NULL,NULL),(208,'9c26edfa-434e-4e19-8a85-1100963d7c74',32,635,'','','','Park Lane','6.9082261','79.8977848','','0.0','0.0','0.0 Km','LKR 20.65','0 Minutes','0 min',3,'','2017-12-06 12:01:46',NULL,NULL,NULL,NULL),(209,'99c770b4-c6b2-41fb-ab5b-cb43390ad928',32,635,'','','','Park Lane','6.9082379','79.8978214','','0.0','0.0','0.0 Km','LKR 20.05','0 Minutes','0 min',3,'','2017-12-06 12:03:24',NULL,NULL,NULL,NULL),(210,'99c770b4-c6b2-41fb-ab5b-cb43390ad928',32,635,'','','','Park Lane','6.9082379','79.8978274','','0.0','0.0','0.0 Km','LKR 20.05','0 Minutes','0 min',3,'','2017-12-06 12:03:39',NULL,NULL,NULL,NULL),(211,'0c1772ef-a358-4a86-8db0-f5acbf75783c',32,635,'','','','Park Lane','6.908232','79.8978422','','0.0','0.0','0.0 Km','LKR 20.25','0 Minutes','0 min',3,'','2017-12-06 12:04:16',NULL,NULL,NULL,NULL),(212,'0c1772ef-a358-4a86-8db0-f5acbf75783c',32,635,'','','','Park Lane','6.9082339','79.8978445','','0.0','0.0','0.0 Km','LKR 20.25','0 Minutes','0 min',3,'','2017-12-06 12:04:39',NULL,NULL,NULL,NULL),(213,'0c1772ef-a358-4a86-8db0-f5acbf75783c',32,635,'','','','Park Lane','6.908252','79.897846','','0.0','0.0','0.0 Km','LKR 20.25','0 Minutes','0 min',3,'','2017-12-06 12:05:07',NULL,NULL,NULL,NULL),(214,'5c925763-73d8-4e67-b891-3d2833cf687a',32,635,'','','','Park Lane','6.9082745','79.8978107','','0.0','0.0','0.0 Km','LKR 20.55','0 Minutes','0 min',3,'','2017-12-06 12:06:44',NULL,NULL,NULL,NULL),(215,'5c925763-73d8-4e67-b891-3d2833cf687a',32,635,'','','','Park Lane','6.908275','79.8978255','','0.0','0.0','0.0 Km','LKR 20.55','0 Minutes','0 min',3,'','2017-12-06 12:09:19',NULL,NULL,NULL,NULL),(216,'ab76033b-37e9-4c2f-8b3d-68e472db822a',32,635,'','','','Park Lane','6.9081976','79.8977964','','0.0','0.0','0..0 Km','LKR 20.65','0 Minutes','0 min',3,'','2017-12-06 12:25:26',NULL,NULL,NULL,NULL),(217,'c9c507cf-37f1-4867-b99f-59ffb1a1bee0',32,635,'','','','Park Lane','6.9082083','79.8978683','','0.0','0.0','0.0 Km','LKR 20.10','0 Minutes','0 min',3,'','2017-12-06 13:54:46',NULL,NULL,NULL,NULL),(218,'cf0e9c7b-b931-47eb-8d3f-392a6181b94e',32,635,'','','','Park Lane','6.9082273','79.8978192','','0.0','0.0','0.0 Km','LKR 20.00','0 Minutes','0 min',3,'','2017-12-06 13:59:23',NULL,NULL,NULL,NULL),(219,'cf0e9c7b-b931-47eb-8d3f-392a6181b94e',32,635,'','','','Park Lane','6.9081967','79.8977367','','0.0','0.0','0.0 Km','LKR 20.00','0 Minutes','0 min',3,'','2017-12-06 14:01:38',NULL,NULL,NULL,NULL),(220,'0f49e874-a278-4fe2-8829-e8bdce5f74e5',32,635,'','','','Park Lane','6.9082067','79.8978733','','0.0','0.0','0.0 Km','LKR 20.05','0 Minutes','0 min',3,'','2017-12-06 14:03:55',NULL,NULL,NULL,NULL),(221,'25a559f1-ea86-4990-b225-283b9d03d483',32,635,'','','','Park Lane','6.9082567','79.8977683','','0.0','0.0','0.0 Km','LKR 20.15','0 Minutes','0 min',3,'','2017-12-06 14:15:17',NULL,NULL,NULL,NULL),(222,'25a559f1-ea86-4990-b225-283b9d03d483',32,635,'','','','Park Lane','6.9082083','79.8978067','','0.0','0.0','0.0 Km','LKR 20.15','0 Minutes','0 min',3,'','2017-12-06 14:23:13',NULL,NULL,NULL,NULL),(223,'25a559f1-ea86-4990-b225-283b9d03d483',32,635,'','','','Park Lane','6.9082083','79.897795','','0.0','0.0','0.0 Km','LKR 20.15','0 Minutes','0 min',3,'','2017-12-06 14:24:33',NULL,NULL,NULL,NULL),(224,'2027570a-fa84-4f7a-9ebe-f8e97f7be14a',32,635,'','','','Park Lane','6.9082369','79.8978122','Castle Street','6.908953987961665','79.89422734826803','0.49184576 Km','LKR 20.25','0 Minutes','0 min',3,'','2017-12-06 14:25:10',NULL,NULL,NULL,NULL),(225,'2027570a-fa84-4f7a-9ebe-f8e97f7be14a',32,635,'','','','Park Lane','6.90827','79.8978467','','0.0','0.0','0.49184576 Km','LKR 20.25','0 Minutes','0 min',3,'','2017-12-06 14:26:22',NULL,NULL,NULL,NULL),(226,'12b818e9-be0d-4c23-b522-ea71d39bbf60',32,635,'','','','Park Lane','6.9082442','79.8978587','','0.0','0.0','','','','',4,'','2017-12-06 15:16:50',NULL,NULL,NULL,NULL),(227,'815cc341-3673-4a22-957b-c9fa6232bcda',32,635,'','','','Park Lane','6.9082274','79.8978195','','0.0','0.0','0..0 Km','LKR 26.70','2 Minutes','0 min',3,'','2017-12-06 15:33:43',NULL,NULL,NULL,NULL),(228,'de6c6353-b841-4dd8-bfc1-e3c6ce13ce01',32,635,'','','','Park Lane','6.9082391','79.897766','','0.0','0.0','0.0 Km','LKR 20.20','0 Minutes','0 min',3,'','2017-12-06 16:34:45',NULL,NULL,NULL,NULL),(229,'257151c3-4a88-4511-8625-b17bf12c57cb',32,635,'','','','Park Lane','6.9081774','79.8977991','','0.0','0.0','0..0 Km','LKR 20.00','0 Minutes','0 min',3,'','2017-12-06 17:04:36',NULL,NULL,NULL,NULL),(230,'13adcdb8-8e71-454b-bf1a-6b6ef9fab6f3',32,635,'','','','Park Lane','6.9082103','79.8978145','','0.0','0.0','0.0 Km','LKR 20.25','0 Minutes','0 min',3,'','2017-12-06 17:05:27',NULL,NULL,NULL,NULL),(231,'5c87c4b2-8558-4cd9-92f1-583f9560c1f4',32,635,'','','','Park Lane','6.9081894','79.8977079','','0.0','0.0','0.0 Km','LKR 22.80','0 Minutes','0 min',3,'','2017-12-06 17:19:53',NULL,NULL,NULL,NULL),(232,'e4ebf222-08ef-457d-80d0-48b3de7911fd',32,635,'','','','Park Lane','6.9082264','79.8978197','','0.0','0.0','0.0 Km','LKR 49.85','9 Minutes','9 min',3,'','2017-12-06 17:21:22',NULL,NULL,NULL,NULL),(233,'ab6fd6ec-8624-451f-9f8f-b9a91359d91e',32,635,'','','','Park Lane','6.9082159','79.8977575','','0.0','0.0','0.0 Km','LKR 30.75','3 Minutes','3 min',3,'','2017-12-06 17:32:13',NULL,NULL,NULL,NULL),(234,'ab6fd6ec-8624-451f-9f8f-b9a91359d91e',32,635,'','','','Park Lane','6.9082159','79.8977575','','0.0','0.0','0.0 Km','LKR 30.75','3 Minutes','3 min',3,'','2017-12-06 17:33:11',NULL,NULL,NULL,NULL),(235,'76c542dc-8313-419e-befd-85da22114457',32,635,'','','','Park Lane','6.9082257','79.8978261','','0.0','0.0','0.0 Km','LKR 22.85','0 Minutes','0 min',3,'','2017-12-06 17:37:08',NULL,NULL,NULL,NULL),(236,'a33fef86-4d22-4ce9-afa0-fad44287111c',32,635,'','','','Park Lane','6.9082145','79.8978184','','0.0','0.0','0.0 Km','LKR 27.45','2 Minutes','2 min',3,'','2017-12-06 17:38:39',NULL,NULL,NULL,NULL),(237,'f96a7209-5f44-4846-91a8-e1e7eceba324',32,635,'','','','Circular Lane','6.91107318528335','79.8955637589097','Fort','6.9365199','79.84508','0.0 Km','LKR 28.80','2 Minutes','2 min',3,'','2017-12-06 17:41:54',NULL,NULL,NULL,NULL),(238,'7a871f75-954b-49a2-bdbd-d9e5db3f00c2',32,635,'','','','219 Kollupitiya - Sri Jayawardenapura Rd, Colombo','6.908305945043523','79.890281483531','Kynsey Place','6.918507109230835','79.8705343902111','0.0 Km','LKR 33.25','4 Minutes','4 min',3,'','2017-12-06 17:45:29',NULL,NULL,NULL,NULL),(239,'2d813b96-eb70-42d2-8cdb-d5c57fbb5737',32,635,'','','','Castle Street','6.9092182640688','79.89456932991743','2nd Lane','6.900586277693051','79.88765057176352','0.0 Km','LKR 22.95','0 Minutes','0 min',3,'','2017-12-06 17:50:23',NULL,NULL,NULL,NULL),(240,'fa1ed8cb-32c3-427c-966d-40a990a42fe7',32,635,'','','','Borella - Rajagiriya Road','6.909557096443482','79.89649180322886','107 Ven. Pelpola Vipassi Nahimi Mawatha, Colombo 00800','6.910536979665393','79.88206923007965','0.0 Km','LKR 22.35','0 Minutes','0 min',3,'','2017-12-06 17:51:57',NULL,NULL,NULL,NULL),(241,'288540c9-9658-4685-89be-0407b4af473b',32,635,'','','','Sri Jayawardenepura Kotte','6.909462902399061','79.89545077085495','52 Dharmapala Pl, Sri Jayawardenepura Kotte','6.911169043206825','79.89453177899122','0.0 Km','LKR 22.90','0 Minutes','0 min',3,'','2017-12-06 17:54:28',NULL,NULL,NULL,NULL),(242,'33ba8e57-a7a7-4fc9-b0d6-86e4ce343c3e',32,635,'','','','Sapumal Place','6.9099561727698235','79.89628929644823','1169/2 C','6.910542637952563','79.88693341612816','0.0 Km','LKR 21.75','0 Minutes','0 min',3,'','2017-12-06 17:56:21',NULL,NULL,NULL,NULL),(243,'3346d63c-4e52-489c-95e6-35bdbc156733',32,635,'','','','Bandaranayakepura Road','6.9074828260762136','79.88905671983957','Albert Place','6.913696956081974','79.89784196019173','0.0 Km','LKR 26.65','2 Minutes','2 min',3,'','2017-12-06 17:58:15',NULL,NULL,NULL,NULL),(244,'04b547d8-2f80-4d06-97fa-7f80c08b3ce5',32,635,'','','','566 Jinadasa Niyathapala Mawatha, Sri Jayawardenepura Kotte','6.9075823459951495','79.89513359963894','10 Meda Welikada Rd, Sri Jayawardenepura Kotte','6.910358577164806','79.89679522812365','0.0 Km','LKR 20.75','0 Minutes','0 min',3,'','2017-12-06 18:01:24',NULL,NULL,NULL,NULL),(245,'19e30bfd-f09f-451a-b603-8bc72469bc5c',32,635,'','','','Park Lane','6.9082783','79.8978467','','0.0','0.0','0.0 Km','LKR 20.45','0 Minutes','0 min',3,'','2017-12-06 18:07:21',NULL,NULL,NULL,NULL),(246,'248c98c3-542b-4441-9da2-6f581c6c41ef',32,635,'','','','Kamatawatta Road','6.911325477970755','79.89967927336693','Bandaranayakepura Road','6.907613300346933','79.88815382122993','0.0 Km','LKR 20.05','0 Minutes','0 min',3,'','2017-12-06 18:08:16',NULL,NULL,NULL,NULL),(247,'5c049ad2-447b-4d07-89c6-77898239afd8',32,635,'','','','566 Jinadasa Niyathapala Mawatha, Sri Jayawardenepura Kotte','6.90751477896216','79.89513091742992','Daniel Place','6.918699154876357','79.9009382352233','0.0 Km','LKR 22.40','0 Minutes','0 min',3,'','2017-12-06 18:10:19',NULL,NULL,NULL,NULL),(248,'5c049ad2-447b-4d07-89c6-77898239afd8',32,635,'','','','Kamatawatta Road','6.91130950165683','79.89789929240942','','6.9057956440633195','79.88638121634722','0.0 Km','LKR 22.40','0 Minutes','0 min',3,'','2017-12-06 18:11:20',NULL,NULL,NULL,NULL),(249,'4ebb85d4-8f07-4035-b731-9c3208eebf04',32,635,'','','','Rajagiriya Udyanaya','6.906821134577757','79.89339586347342','Circular Lane','6.910759317015924','79.89565093070269','0.0 Km','LKR 23.05','1 Minutes','1 min',3,'','2017-12-06 18:16:22',NULL,NULL,NULL,NULL),(250,'4ebb85d4-8f07-4035-b731-9c3208eebf04',32,635,'','','','Castle Street','6.908953987961665','79.89422734826803','Castle Street','6.908953987961665','79.89422734826803','0.0 Km','LKR 23.05','1 Minutes','1 min',3,'','2017-12-06 18:17:16',NULL,NULL,NULL,NULL),(251,'1ba83d99-98f7-403a-a25d-a15976607544',32,635,'','','','Park Lane','6.9082261','79.8978191','','0.0','0.0','0.0 Km','LKR 20.55','0 Minutes','0 min',4,'','2017-12-06 18:18:27',NULL,NULL,NULL,NULL),(252,'1ba83d99-98f7-403a-a25d-a15976607544',32,635,'','','','Park Lane','6.9082867','79.89779','','0.0','0.0','','','','',4,'','2017-12-06 18:18:54',NULL,NULL,NULL,NULL),(253,'1c56bdac-eaeb-4b1c-a350-d622af941316',36,635,'','','','Park Lane','6.908225','79.8978667','','0.0','0.0','0','20','0','4',3,'','2017-12-06 18:22:07',NULL,NULL,NULL,NULL),(254,'1c56bdac-eaeb-4b1c-a350-d622af941316',32,635,'','','','Park Lane','6.908225','79.8978667','','0.0','0.0','0.0 Km','LKR 20.25','0 Minutes','0 min',3,'','2017-12-06 18:22:21',NULL,NULL,NULL,NULL),(255,'1c56bdac-eaeb-4b1c-a350-d622af941316',32,635,'','','','Park Lane','6.9082533','79.897815','','0.0','0.0','0.0 Km','LKR 20.25','0 Minutes','0 min',3,'','2017-12-06 18:24:31',NULL,NULL,NULL,NULL),(256,'1c56bdac-eaeb-4b1c-a350-d622af941316',36,635,'','','','Park Lane','6.9082533','79.897815','','0.0','0.0','0','20','0','4',3,'','2017-12-06 18:24:35',NULL,NULL,NULL,NULL),(257,'9d7bc7b9-0605-4987-b259-a517d809c442',32,642,'','','','Park Lane','6.908298963687297','79.89785310819735','','0','0','0.0 Km','LKR 64.45','14 Minutes','14 min',3,'','2017-12-06 18:32:17',NULL,NULL,NULL,NULL),(258,'b38692b0-d94d-4717-8289-1fccf4c33916',32,635,'','','','Park Lane','6.9082317','79.8977833','','0.0','0.0','0..0 Km','LKR 20.05','0 Minutes','0 min',3,'','2017-12-06 18:49:07',NULL,NULL,NULL,NULL),(259,'b38692b0-d94d-4717-8289-1fccf4c33916',32,635,'','','','Park Lane','6.9082317','79.8977833','','0.0','0.0','0..0 Km','LKR 20.05','0 Minutes','0 min',3,'','2017-12-06 18:49:22',NULL,NULL,NULL,NULL),(260,'b59036aa-1e18-4a95-9b08-f11e11bc6e69',32,635,'','','','Park Lane','6.9082483','79.8978317','','0.0','0.0','0.0 Km','LKR 20.05','0 Minutes','0 min',3,'','2017-12-06 18:56:07',NULL,NULL,NULL,NULL),(261,'b59036aa-1e18-4a95-9b08-f11e11bc6e69',32,635,'','','','Park Lane','6.9082583','79.8978083','','0.0','0.0','0.0 Km','LKR 20.05','0 Minutes','0 min',3,'','2017-12-06 18:56:17',NULL,NULL,NULL,NULL),(262,'b5be9aca-6a2d-4660-a2e0-03f14e30a68b',32,635,'','','','Park Lane','6.908227','79.8978191','','0.0','0.0','0.0 Km','LKR 20.20','0 Minutes','0 min',3,'','2017-12-06 18:56:33',NULL,NULL,NULL,NULL),(263,'b5be9aca-6a2d-4660-a2e0-03f14e30a68b',32,635,'','','','Park Lane','6.9082467','79.89772','','0.0','0.0','0.0 Km','LKR 20.20','0 Minutes','0 min',3,'','2017-12-06 19:01:16',NULL,NULL,NULL,NULL),(264,'3cec8e91-01e0-4d53-88ce-4c7a4c80510d',32,635,'','','','Park Lane','6.9082264','79.8978189','','0.0','0.0','0.0 Km','LKR 20.25','0 Minutes','0 min',3,'','2017-12-06 19:01:38',NULL,NULL,NULL,NULL),(265,'1dd7e9ce-995d-498f-b045-b8ab90ad1e3d',32,635,'','','','Park Lane','6.9082265','79.8978192','','0.0','0.0','0.0 Km','LKR 20.10','0 Minutes','0 min',3,'','2017-12-06 19:02:11',NULL,NULL,NULL,NULL),(266,'75971bf5-8b21-42f4-ad68-57803570b995',32,635,'','','','Park Lane','6.9082373','79.8978363','','0.0','0.0','0.0 Km','LKR 20.50','0 Minutes','0 min',3,'','2017-12-06 19:02:42',NULL,NULL,NULL,NULL),(267,'e1947980-2e53-4bb8-9f25-33efef6dddbe',32,635,'','','','Park Lane','6.908245','79.8978667','','0.0','0.0','0.0 Km','LKR 20.40','0 Minutes','0 min',3,'','2017-12-06 19:06:41',NULL,NULL,NULL,NULL),(268,'e1947980-2e53-4bb8-9f25-33efef6dddbe',32,635,'','','','Park Lane','6.9082067','79.897805','','0.0','0.0','0.0 Km','LKR 20.40','0 Minutes','0 min',3,'','2017-12-06 19:07:40',NULL,NULL,NULL,NULL),(269,'84ebd825-be72-4761-855a-df71a68d15b5',32,635,'','','','Park Lane','6.9082067','79.897805','','0.0','0.0','0.0 Km','LKR 20.00','0 Minutes','0 min',3,'','2017-12-06 19:08:20',NULL,NULL,NULL,NULL),(270,'3e2b8e8c-c7e6-4ae7-b201-ab7e720588b8',32,642,'','','','Park Lane','6.908241979587004','79.89783370552392','','0','0','0.0 Km','LKR 20.10','0 Minutes','0 min',3,'','2017-12-06 19:10:20',NULL,NULL,NULL,NULL),(271,'84ebd825-be72-4761-855a-df71a68d15b5',32,635,'','','','Park Lane','6.9082367','79.8979367','','0.0','0.0','0.0 Km','LKR 20.00','0 Minutes','0 min',3,'','2017-12-06 19:10:57',NULL,NULL,NULL,NULL),(272,'ba971e30-cad9-4efb-91e9-29b3b607742b',32,635,'','','','Park Lane','6.9082367','79.8979367','','0.0','0.0','0.0 Km','LKR 20.00','0 Minutes','0 min',3,'','2017-12-06 19:11:12',NULL,NULL,NULL,NULL),(273,'ccdfd3c8-b742-4740-b5f4-78d23f104561',32,635,'','','','Park Lane','6.9082367','79.8979367','','0.0','0.0','','','','',4,'','2017-12-06 19:11:58',NULL,NULL,NULL,NULL),(274,'bcd5f10d-c5fb-4232-aea9-d16bc1c8a33b',32,642,'','','','Park Lane','6.908241979587004','79.89783370552392','','0','0','','','','',4,'Rider getting late','2017-12-06 19:14:21',NULL,NULL,NULL,NULL),(275,'1d661a07-3a11-4c36-a05f-41fd5ce70186',32,635,'','','','Park Lane','6.9082217','79.89774','','0.0','0.0','0.0 Km','LKR 20.00','0 Minutes','0 min',3,'','2017-12-06 19:21:06',NULL,NULL,NULL,NULL),(276,'1d661a07-3a11-4c36-a05f-41fd5ce70186',32,635,'','','','Park Lane','6.9082417','79.897805','','0.0','0.0','0.0 Km','LKR 20.00','0 Minutes','0 min',3,'','2017-12-06 19:22:07',NULL,NULL,NULL,NULL),(277,'283c55b0-2693-4f13-b77f-a383fa050917',32,635,'','','','Park Lane','6.9082033','79.8978917','','0.0','0.0','0..0 Km','LKR 30.95','3 Minutes','3 min',3,'','2017-12-06 19:22:28',NULL,NULL,NULL,NULL),(278,'283c55b0-2693-4f13-b77f-a383fa050917',32,635,'','','','Park Lane','6.90822','79.8978483','','0.0','0.0','0..0 Km','LKR 30.95','3 Minutes','3 min',3,'','2017-12-06 19:22:39',NULL,NULL,NULL,NULL),(279,'e6507840-94f8-4700-81e1-7f08d867a140',32,635,'','','','Park Lane','6.90825','79.89785','','0.0','0.0','','','','',4,'','2017-12-06 19:23:11',NULL,NULL,NULL,NULL),(280,'9d2a3a44-12db-4b9c-adf3-de65b7655903',32,635,'','','','Park Lane','6.9082933','79.8977517','','0.0','0.0','0.0 Km','LKR 20.00','0 Minutes','0 min',3,'','2017-12-06 19:23:46',NULL,NULL,NULL,NULL),(281,'c74e282e-6e27-497f-84d0-03ec59aa1fbd',32,635,'','','','Park Lane','6.908255','79.897825','','0.0','0.0','','','','',4,'','2017-12-06 19:25:56',NULL,NULL,NULL,NULL),(282,'b2558ab4-fb56-4272-b8af-48432153a47e',32,642,'','','','Park Lane','6.908228807157752','79.89784489393224','','0','0','','','','',4,'Rider getting late','2017-12-07 10:40:52',NULL,NULL,NULL,NULL),(283,'4546060a-4635-4a31-8e11-93ff7c8d22ef',32,642,'','','','Park Lane','6.908228807157752','79.89784489393224','','0','0','','','','',4,'Rider getting late','2017-12-07 10:49:44',NULL,NULL,NULL,NULL),(284,'dab4110d-3f96-46b4-8393-7c416555fc6e',32,642,'','','','Park Lane','6.908228807157752','79.89784489393224','','0','0','','','','',4,'Rider getting late','2017-12-07 10:50:14',NULL,NULL,NULL,NULL),(285,'eed74b5a-1a89-4efc-86d5-6f998091e084',32,635,'','','','Park Lane','6.9082102','79.8979143','Fort','6.9365199','79.84508','0..0 Km','LKR 20.00','0 Minutes','0 min',3,'','2017-12-07 11:39:00',NULL,NULL,NULL,NULL),(286,'2fb16d44-121c-41d1-ad6e-f3e3858f55c6',32,635,'','','','Park Lane','6.9082345','79.8979003','Fort','6.9365199','79.84508','0..0 Km','LKR 36.45','5 Minutes','5 min',3,'','2017-12-07 11:40:39',NULL,NULL,NULL,NULL),(287,'525af080-4ee0-45ff-9848-650d4eaaf2a2',36,642,'','','','Park Lane','6.908253156586465','79.89781999967983','Davidson Road','6.8826132','79.8610564','','','','',4,'Rider getting late','2017-12-07 11:41:01',NULL,NULL,NULL,NULL),(288,'2fb16d44-121c-41d1-ad6e-f3e3858f55c6',32,635,'','','','Park Lane','6.9082386','79.8978499','Fort','6.9365199','79.84508','0..0 Km','LKR 36.45','5 Minutes','5 min',3,'','2017-12-07 11:41:06',NULL,NULL,NULL,NULL),(289,'fe892a6e-7ef1-4398-ac41-dbf5340e06f3',36,642,'','','','Park Lane','6.908253156586465','79.89781999967983','Davidson Road','6.8826132','79.8610564','0','20','0','25',3,'','2017-12-07 11:44:08',NULL,NULL,NULL,NULL),(290,'51d91d44-a46a-443b-a402-65e480f016a1',36,642,'','','','Park Lane','6.908253156586465','79.89781999967983','Davidson Road','6.8826132','79.8610564','0','20','0','25',3,'','2017-12-07 11:46:56',NULL,NULL,NULL,NULL),(291,'12531538-acf8-46e8-b038-0f36fe39acee',32,635,'','','','Sri Jayawardenepura Mawatha','6.9085926','79.8979007','','0.0','0.0','0..0 Km','LKR 20.20','0 Minutes','0 min',3,'','2017-12-07 11:55:16',NULL,NULL,NULL,NULL),(292,'bfb76659-8ee7-4626-8798-6f2df11d9a49',32,635,'','','','Park Lane','6.9081833','79.89784','','0.0','0.0','','','','',4,'','2017-12-07 12:01:52',NULL,NULL,NULL,NULL),(293,'bfb76659-8ee7-4626-8798-6f2df11d9a49',32,635,'','','','Park Lane','6.9081733','79.8978633','Daniel Place','6.918780366529653','79.90107066929342','','','','',4,'','2017-12-07 13:15:20',NULL,NULL,NULL,NULL),(294,'8184f06d-fde3-40b8-aaed-80664d2bafba',32,635,'','','','Park Lane','6.908265','79.897885','','0.0','0.0','0..0 Km','LKR 33.00','4 Minutes','4 min',3,'','2017-12-07 13:15:59',NULL,NULL,NULL,NULL),(295,'8184f06d-fde3-40b8-aaed-80664d2bafba',32,635,'','','','Park Lane','6.9082271','79.8978189','Castle Street','6.908953987961665','79.89422734826803','0..0 Km','LKR 33.00','4 Minutes','4 min',3,'','2017-12-07 13:17:18',NULL,NULL,NULL,NULL),(296,'ea1de35e-0a91-4b35-92b4-aeb155eb1f32',32,635,'','','','Park Lane','6.9082367','79.8978033','Castle Street','6.908953987961665','79.89422734826803','0..0 Km','LKR 20.05','0 Minutes','0 min',3,'','2017-12-07 13:22:36',NULL,NULL,NULL,NULL),(297,'fa957afc-8d39-4301-8f27-64e38d7c84cf',32,635,'','','','Park Lane','6.9082133','79.8978133','','0.0','0.0','','','','',4,'','2017-12-07 13:30:21',NULL,NULL,NULL,NULL),(298,'35350c68-181f-4406-bcad-49a830ac4e65',32,635,'','','','Park Lane','6.9082083','79.8978117','','0.0','0.0','0..0 Km','LKR 20.00','0 Minutes','0 min',3,'','2017-12-07 13:32:28',NULL,NULL,NULL,NULL),(299,'35350c68-181f-4406-bcad-49a830ac4e65',32,635,'','','','Park Lane','6.90821','79.8978483','','0.0','0.0','0..0 Km','LKR 20.00','0 Minutes','0 min',3,'','2017-12-07 13:34:02',NULL,NULL,NULL,NULL),(300,'dd29ff23-b75c-416a-996d-71d10371ced1',32,635,'','','','Park Lane','6.9082317','79.89789','','0.0','0.0','','','','',4,'','2017-12-07 13:35:32',NULL,NULL,NULL,NULL),(301,'12418b0d-dfc0-49dc-b3f9-4f558644e4e6',32,635,'','','','Park Lane','6.9082273','79.8978194','','0.0','0.0','','','','',4,'','2017-12-07 13:36:10',NULL,NULL,NULL,NULL),(302,'12418b0d-dfc0-49dc-b3f9-4f558644e4e6',32,635,'','','','Park Lane','6.90818','79.89788','','0.0','0.0','','','','',4,'','2017-12-07 13:39:32',NULL,NULL,NULL,NULL),(303,'fb4db7da-002e-4b0b-abf8-49001b571bee',32,635,'','','','Park Lane','6.9082467','79.8977817','','0.0','0.0','0..0 Km','LKR 20.00','0 Minutes','0 min',3,'','2017-12-07 13:42:52',NULL,NULL,NULL,NULL),(304,'bdaa21ae-2815-48c9-8bf1-223ff67fa669',32,635,'','','','Park Lane','6.9082272','79.8978195','Daniel Place','6.918780366529653','79.90107066929342','0..0 Km','LKR 20.05','0 Minutes','0 min',3,'','2017-12-07 13:43:35',NULL,NULL,NULL,NULL),(305,'d7736053-6abc-425a-b88e-cf11efef53a5',32,635,'','','','Park Lane','6.9082272','79.8978193','','0.0','0.0','0..0 Km','LKR 20.00','0 Minutes','0 min',3,'','2017-12-07 13:44:19',NULL,NULL,NULL,NULL),(306,'dbdf8fdc-7e38-4052-a8e7-5660d326c5a5',32,635,'','','','Park Lane','6.9082273','79.8978193','','0.0','0.0','','','','',4,'','2017-12-07 14:08:18',NULL,NULL,NULL,NULL),(307,'28bf7edb-47f6-485d-b086-ed5f095721c4',32,635,'','','','Park Lane','6.9082271','79.8978196','','0.0','0.0','','','','',4,'','2017-12-07 14:40:15',NULL,NULL,NULL,NULL),(308,'17e426e4-57cd-46ec-ab79-18934ec8fe66',32,635,'','','','Park Lane','6.9082433','79.89779','','0.0','0.0','0..0 Km','LKR 20.05','0 Minutes','0 min',3,'','2017-12-07 14:53:04',NULL,NULL,NULL,NULL),(309,'0284625a-c110-46c3-a10d-cb95118b2ac9',32,635,'','','','Park Lane','6.9082683','79.8977483','','0.0','0.0','0..0 Km','LKR 20.00','0 Minutes','0 min',3,'','2017-12-07 14:56:55',NULL,NULL,NULL,NULL),(310,'0284625a-c110-46c3-a10d-cb95118b2ac9',32,635,'','','','Park Lane','6.9082683','79.8977483','Udyanaya','6.907724469722659','79.89451266825199','0..0 Km','LKR 20.00','0 Minutes','0 min',3,'','2017-12-07 14:57:05',NULL,NULL,NULL,NULL),(311,'cef788f8-9c02-45de-b554-8e962f46d8af',32,635,'','','','Park Lane','6.9082317','79.89784','','0.0','0.0','0..0 Km','LKR 20.00','0 Minutes','0 min',3,'','2017-12-07 15:23:09',NULL,NULL,NULL,NULL),(312,'eaf9f237-8157-4db5-9181-fdc9c105d00e',32,635,'','','','Park Lane','6.9082274','79.897819','','0.0','0.0','','','','',4,'','2017-12-07 15:36:47',NULL,NULL,NULL,NULL),(313,'27df95f5-9e2a-41a5-8f1e-c4c4bae4847d',32,635,'','','','Park Lane','6.9082383','79.8977567','','0.0','0.0','','','','',4,'','2017-12-07 15:37:32',NULL,NULL,NULL,NULL),(314,'39487131-2073-413b-91bc-c058be8b7659',32,635,'','','','Park Lane','6.9082417','79.8977683','','0.0','0.0','0..0 Km','LKR 47.95','9 Minutes','9 min',3,'','2017-12-07 15:38:40',NULL,NULL,NULL,NULL),(315,'a799e620-a8ba-447c-9d9e-e6f606f2dda1',32,635,'','','','Park Lane','6.90822','79.8978717','','0.0','0.0','0..0 Km','LKR 20.15','0 Minutes','0 min',4,'','2017-12-07 15:49:58',NULL,NULL,NULL,NULL),(316,'a799e620-a8ba-447c-9d9e-e6f606f2dda1',32,635,'','','','Park Lane','6.9082','79.897815','','0.0','0.0','0..0 Km','LKR 20.15','0 Minutes','0 min',4,'','2017-12-07 15:52:26',NULL,NULL,NULL,NULL),(317,'a799e620-a8ba-447c-9d9e-e6f606f2dda1',32,635,'','','','Park Lane','6.9082067','79.897835','Daniel Place','6.918780366529653','79.90107066929342','0..0 Km','LKR 20.15','0 Minutes','0 min',4,'','2017-12-07 15:53:02',NULL,NULL,NULL,NULL),(318,'2d32a4e5-7f8b-4c63-9218-800f2d1037de',32,635,'','','','Park Lane','6.9082083','79.8978183','','0.0','0.0','0..0 Km','LKR 20.00','0 Minutes','0 min',4,'','2017-12-07 15:58:45',NULL,NULL,NULL,NULL),(319,'2d32a4e5-7f8b-4c63-9218-800f2d1037de',32,635,'','','','Park Lane','6.9082083','79.8978183','','0.0','0.0','0..0 Km','LKR 20.00','0 Minutes','0 min',4,'','2017-12-07 16:00:44',NULL,NULL,NULL,NULL),(320,'2d32a4e5-7f8b-4c63-9218-800f2d1037de',32,635,'','','','Park Lane','6.9082083','79.8978183','','0.0','0.0','0..0 Km','LKR 20.00','0 Minutes','0 min',4,'','2017-12-07 16:01:46',NULL,NULL,NULL,NULL),(321,'2d32a4e5-7f8b-4c63-9218-800f2d1037de',32,635,'','','','Park Lane','6.9082267','79.8977467','','0.0','0.0','0..0 Km','LKR 20.00','0 Minutes','0 min',4,'','2017-12-07 16:02:32',NULL,NULL,NULL,NULL),(322,'2d32a4e5-7f8b-4c63-9218-800f2d1037de',32,635,'','','','Park Lane','6.9082183','79.8977717','','0.0','0.0','0..0 Km','LKR 20.00','0 Minutes','0 min',4,'','2017-12-07 16:02:43',NULL,NULL,NULL,NULL),(323,'2d32a4e5-7f8b-4c63-9218-800f2d1037de',32,635,'','','','Park Lane','6.9082117','79.897745','','0.0','0.0','0..0 Km','LKR 20.00','0 Minutes','0 min',4,'','2017-12-07 16:03:10',NULL,NULL,NULL,NULL),(324,'2d32a4e5-7f8b-4c63-9218-800f2d1037de',32,635,'','','','Park Lane','6.908225','79.897795','','0.0','0.0','0..0 Km','LKR 20.00','0 Minutes','0 min',4,'','2017-12-07 16:05:20',NULL,NULL,NULL,NULL),(325,'2d32a4e5-7f8b-4c63-9218-800f2d1037de',32,635,'','','','Park Lane','6.9082117','79.897745','Castle Street','6.908953987961665','79.89422734826803','0..0 Km','LKR 20.00','0 Minutes','0 min',4,'','2017-12-07 16:06:26',NULL,NULL,NULL,NULL),(326,'0d2f1432-7cdd-4e76-b603-f015ff67dab2',32,635,'','','','Park Lane','6.9082275','79.8978191','','0.0','0.0','0..0 Km','LKR 20.10','0 Minutes','0 min',4,'','2017-12-07 16:07:59',NULL,NULL,NULL,NULL),(327,'0d2f1432-7cdd-4e76-b603-f015ff67dab2',32,635,'','','','Park Lane','6.9082233','79.897775','','0.0','0.0','0..0 Km','LKR 20.10','0 Minutes','0 min',4,'','2017-12-07 16:08:08',NULL,NULL,NULL,NULL),(328,'0d2f1432-7cdd-4e76-b603-f015ff67dab2',32,635,'','','','Park Lane','6.9082333','79.8978217','','0.0','0.0','0..0 Km','LKR 20.10','0 Minutes','0 min',4,'','2017-12-07 16:08:25',NULL,NULL,NULL,NULL),(329,'0d2f1432-7cdd-4e76-b603-f015ff67dab2',32,635,'','','','Park Lane','6.9082433','79.8978483','','0.0','0.0','0..0 Km','LKR 20.10','0 Minutes','0 min',4,'','2017-12-07 16:08:47',NULL,NULL,NULL,NULL),(330,'0d2f1432-7cdd-4e76-b603-f015ff67dab2',32,635,'','','','Park Lane','6.9082433','79.8978483','Castle Street','6.908953987961665','79.89422734826803','0..0 Km','LKR 20.10','0 Minutes','0 min',4,'','2017-12-07 16:09:09',NULL,NULL,NULL,NULL),(331,'0d2f1432-7cdd-4e76-b603-f015ff67dab2',32,635,'','','','Park Lane','6.9082433','79.8978483','','0.0','0.0','0..0 Km','LKR 20.10','0 Minutes','0 min',4,'','2017-12-07 16:09:22',NULL,NULL,NULL,NULL),(332,'0d2f1432-7cdd-4e76-b603-f015ff67dab2',32,635,'','','','Park Lane','6.9082433','79.8978483','','0.0','0.0','','','','',4,'','2017-12-07 16:09:34',NULL,NULL,NULL,NULL),(333,'558787ff-5961-464b-81fc-7f376109763e',32,635,'','','','Park Lane','6.9082267','79.897795','','0.0','0.0','0..0 Km','LKR 20.05','0 Minutes','0 min',3,'','2017-12-07 16:10:03',NULL,NULL,NULL,NULL),(334,'558787ff-5961-464b-81fc-7f376109763e',32,635,'','','','Park Lane','6.9082417','79.89782','','0.0','0.0','0..0 Km','LKR 20.05','0 Minutes','0 min',3,'','2017-12-07 16:10:07',NULL,NULL,NULL,NULL),(335,'1a3cb4ca-68da-46e9-8523-6996615d65bd',32,635,'','','','Park Lane','6.9082275','79.8978183','','0.0','0.0','0..0 Km','LKR 20.00','0 Minutes','0 min',4,'','2017-12-07 16:10:45',NULL,NULL,NULL,NULL),(336,'1a3cb4ca-68da-46e9-8523-6996615d65bd',32,635,'','','','Park Lane','6.9082233','79.8978217','','0.0','0.0','','','','',4,'','2017-12-07 16:10:58',NULL,NULL,NULL,NULL),(337,'269b7570-7bc9-489a-9faf-0e05ca77ee02',32,635,'','','','Park Lane','6.9081933','79.897785','Castle Street','6.908953987961665','79.89422734826803','0..0 Km','LKR 20.10','0 Minutes','0 min',3,'','2017-12-07 16:18:53',NULL,NULL,NULL,NULL),(338,'70abf916-4bc0-45fc-b929-58d08da37a5b',32,635,'','','','Park Lane','6.9081933','79.897785','','0.0','0.0','','','','',4,'','2017-12-07 16:19:06',NULL,NULL,NULL,NULL),(339,'d181e2fc-d733-4125-a8bf-722cc0a71e8b',32,635,'','','','Park Lane','6.9081933','79.897785','','0.0','0.0','','','','',4,'','2017-12-07 16:19:13',NULL,NULL,NULL,NULL),(340,'177f417d-f5ad-4652-9801-307130d52133',32,635,'','','','Park Lane','6.9081933','79.897785','','0.0','0.0','','','','',4,'','2017-12-07 16:19:21',NULL,NULL,NULL,NULL),(341,'b5756764-d624-4a7b-a225-57815e685476',32,635,'','','','Park Lane','6.9081933','79.897785','','0.0','0.0','0..0 Km','LKR 20.05','0 Minutes','0 min',3,'','2017-12-07 16:19:28',NULL,NULL,NULL,NULL),(342,'006a36ac-6089-4239-882e-b9ba5b99c9ad',32,635,'','','','Park Lane','6.9081933','79.897785','','0.0','0.0','0..0 Km','LKR 20.10','0 Minutes','0 min',3,'','2017-12-07 16:19:38',NULL,NULL,NULL,NULL),(343,'9f6867c0-c238-4025-a060-20d82bf067fd',32,635,'','','','Park Lane','6.9081933','79.897785','','0.0','0.0','0..0 Km','LKR 20.05','0 Minutes','0 min',3,'','2017-12-07 16:19:47',NULL,NULL,NULL,NULL),(344,'fb4725c2-5939-4a2a-bc2a-0abe7789be1b',32,635,'','','','Park Lane','6.9081933','79.897785','','0.0','0.0','0..0 Km','LKR 20.05','0 Minutes','0 min',3,'','2017-12-07 16:20:06',NULL,NULL,NULL,NULL),(345,'904400f9-8f58-4eb6-af46-78b9f2a71c21',32,635,'','','','Park Lane','6.9082183','79.89779','','0.0','0.0','','','','',4,'','2017-12-07 16:20:29',NULL,NULL,NULL,NULL),(346,'49dbec54-ae01-4d80-8c6b-7f8cb4b05add',32,635,'','','','Park Lane','6.908225','79.89778','','0.0','0.0','0..0 Km','LKR 20.00','0 Minutes','0 min',3,'','2017-12-07 16:20:33',NULL,NULL,NULL,NULL),(347,'b20968cb-bf25-4ba2-8d43-50a29145c39d',32,635,'','','','Park Lane','6.90823','79.8977783','','0.0','0.0','0..0 Km','LKR 20.05','0 Minutes','0 min',3,'','2017-12-07 16:20:40',NULL,NULL,NULL,NULL),(348,'a5ffe94a-8a18-4902-9035-16ed4b33fac6',32,635,'','','','Park Lane','6.908235','79.8977933','','0.0','0.0','0..0 Km','LKR 20.00','0 Minutes','0 min',3,'','2017-12-07 16:21:05',NULL,NULL,NULL,NULL),(349,'81f5ff18-7857-4950-ba39-404247e9a4c3',32,635,'','','','Park Lane','6.908235','79.8977933','','0.0','0.0','0..0 Km','LKR 20.05','0 Minutes','0 min',3,'','2017-12-07 16:21:15',NULL,NULL,NULL,NULL),(350,'f5739a6a-0c0a-40ce-97ec-4f0baadba7ae',32,635,'','','','Park Lane','6.9081867','79.8978083','','0.0','0.0','0..0 Km','LKR 20.05','0 Minutes','0 min',3,'','2017-12-07 16:21:39',NULL,NULL,NULL,NULL),(351,'c656bd9f-d622-442d-905d-92cc632b718c',32,635,'','','','Park Lane','6.9082274','79.8978189','','0.0','0.0','','','','',4,'','2017-12-07 16:22:07',NULL,NULL,NULL,NULL),(352,'c1813132-2740-4bff-a1f5-0ae4a1b55d8f',32,635,'','','','Park Lane','6.9082133','79.8978167','','0.0','0.0','0..0 Km','LKR 20.10','0 Minutes','0 min',3,'','2017-12-07 16:22:12',NULL,NULL,NULL,NULL),(353,'3dbe8622-b64c-4ebe-8e54-0f0f0e61344f',32,635,'','','','Park Lane','6.908235','79.8978283','','0.0','0.0','0..0 Km','LKR 20.00','0 Minutes','0 min',3,'','2017-12-07 16:22:23',NULL,NULL,NULL,NULL),(354,'0f2961cd-3197-4628-b2d0-c8b185ba156c',32,635,'','','','Park Lane','6.9082417','79.8978567','','0.0','0.0','','','','',4,'','2017-12-07 16:23:48',NULL,NULL,NULL,NULL),(355,'3d52e7a3-739c-4a69-b5c1-13af2bd3ccdb',32,635,'','','','Park Lane','6.9082517','79.8976583','','0.0','0.0','0..0 Km','LKR 20.20','0 Minutes','0 min',3,'','2017-12-07 16:24:25',NULL,NULL,NULL,NULL),(356,'b0a45046-8722-42a0-8bd5-5126ab6866f2',32,635,'','','','Park Lane','6.9082283','79.8978233','','0.0','0.0','0..0 Km','LKR 20.05','0 Minutes','0 min',3,'','2017-12-07 16:25:41',NULL,NULL,NULL,NULL),(357,'1b4eae58-ac19-4955-944a-85bfbd8a1237',32,635,'','','','Park Lane','6.908215','79.8977933','','0.0','0.0','0..0 Km','LKR 20.05','0 Minutes','0 min',3,'','2017-12-07 16:28:20',NULL,NULL,NULL,NULL),(358,'e42cd1a6-a3bc-4bae-b038-f2006f6c6e1a',32,635,'','','','Park Lane','6.908215','79.8977933','','0.0','0.0','0..0 Km','LKR 20.00','0 Minutes','0 min',3,'','2017-12-07 16:29:28',NULL,NULL,NULL,NULL),(359,'910537c6-820c-4feb-a18c-a26a0365736d',32,635,'','','','Park Lane','6.9082383','79.8977833','','0.0','0.0','0..0 Km','LKR 20.00','0 Minutes','0 min',3,'','2017-12-07 16:30:50',NULL,NULL,NULL,NULL),(360,'b7a0fa5a-b667-4926-9b57-11a7f488d62a',32,635,'','','','Park Lane','6.9082275','79.8978192','','0.0','0.0','0..0 Km','LKR 20.00','0 Minutes','0 min',3,'','2017-12-07 16:31:10',NULL,NULL,NULL,NULL),(361,'693615eb-0075-414a-bdc6-752523458fc4',32,635,'','','','Park Lane','6.90823','79.8977017','','0.0','0.0','0..0 Km','LKR 20.05','0 Minutes','0 min',3,'','2017-12-07 16:35:48',NULL,NULL,NULL,NULL),(362,'b7297631-aca0-4227-9e4a-3316dffccc60',32,635,'','','','Park Lane','6.9082167','79.8977333','','0.0','0.0','0..0 Km','LKR 20.00','0 Minutes','0 min',3,'','2017-12-07 16:36:04',NULL,NULL,NULL,NULL),(363,'e3b3397f-2ff0-4bfe-b536-11a0fe7273c8',32,635,'','','','Park Lane','6.908255','79.897915','','0.0','0.0','0..0 Km','LKR 20.20','0 Minutes','0 min',3,'','2017-12-07 16:41:24',NULL,NULL,NULL,NULL),(364,'5496644d-39f5-4da1-8d04-8bfbea2ecccc',32,635,'','','','Park Lane','6.9082083','79.8977217','','0.0','0.0','0..0 Km','LKR 20.00','0 Minutes','0 min',3,'','2017-12-07 16:57:36',NULL,NULL,NULL,NULL),(365,'88503511-3716-4763-9ee7-d58d2a393b5d',32,635,'','','','Park Lane','6.908235','79.8978183','','0.0','0.0','','','','',4,'','2017-12-07 16:58:20',NULL,NULL,NULL,NULL),(366,'0ef307b4-6e91-430c-9e0f-227dac903ada',32,635,'','','','Park Lane','6.9082273','79.8978195','','0.0','0.0','0..0 Km','LKR 20.00','0 Minutes','0 min',3,'','2017-12-07 16:58:29',NULL,NULL,NULL,NULL),(367,'6722bc86-ab3e-4144-893a-0d3a9f5ef363',32,635,'','','','Park Lane','6.908215','79.89781','','0.0','0.0','0..0 Km','LKR 20.05','0 Minutes','0 min',3,'','2017-12-07 16:58:44',NULL,NULL,NULL,NULL),(368,'734bd9c2-f37f-4aa5-9d4a-e705e2de48ad',32,635,'','','','Park Lane','6.90821','79.8978067','','0.0','0.0','0..0 Km','LKR 20.05','0 Minutes','0 min',3,'','2017-12-07 16:58:52',NULL,NULL,NULL,NULL),(369,'b42cb993-4b83-4f90-8732-a76a015e0f52',32,635,'','','','Park Lane','6.9082533','79.8978433','','0.0','0.0','0..0 Km','LKR 20.20','0 Minutes','0 min',3,'','2017-12-07 16:59:01',NULL,NULL,NULL,NULL),(370,'4cfb34f1-5c25-4d7b-954f-33258a3c2fe9',32,635,'','','','Park Lane','6.9082583','79.8978433','','0.0','0.0','0..0 Km','LKR 20.05','0 Minutes','0 min',3,'','2017-12-07 16:59:17',NULL,NULL,NULL,NULL),(371,'acdb38cf-c45a-480a-a24c-be3988dcac1d',32,635,'','','','Park Lane','6.9081983','79.8977833','','0.0','0.0','','','','',4,'','2017-12-07 17:02:28',NULL,NULL,NULL,NULL),(372,'65f311f3-7a0c-4bfd-ad20-0f608c4eb45c',32,635,'','','','Park Lane','6.9081983','79.8977833','','0.0','0.0','','','','',4,'','2017-12-07 17:02:32',NULL,NULL,NULL,NULL),(373,'4b70a763-8945-42cd-907e-aca4b0c9b5f8',32,635,'','','','Park Lane','6.9081983','79.8977833','','0.0','0.0','','','','',4,'','2017-12-07 17:02:37',NULL,NULL,NULL,NULL),(374,'d3cb0fe5-2693-47f6-b233-55415d273ed7',32,635,'','','','Park Lane','6.9081983','79.8977833','','0.0','0.0','','','','',4,'','2017-12-07 17:02:43',NULL,NULL,NULL,NULL),(375,'1712a5b1-cfe7-4ba9-a782-43c6654a2bcd',32,635,'','','','Park Lane','6.9081983','79.8977833','','0.0','0.0','','','','',4,'','2017-12-07 17:02:47',NULL,NULL,NULL,NULL),(376,'84fb70f1-ec74-4e0b-9973-7cd4b4abb5c4',32,635,'','','','Park Lane','6.9081983','79.8977833','','0.0','0.0','','','','',4,'','2017-12-07 17:03:00',NULL,NULL,NULL,NULL),(377,'b40c73d8-b471-413f-ab49-2f43df67c53a',32,635,'','','','Park Lane','6.9082117','79.8978317','','0.0','0.0','0..0 Km','LKR 20.75','0 Minutes','0 min',3,'','2017-12-07 17:03:41',NULL,NULL,NULL,NULL),(378,'4fe4fb9f-572c-4e31-9c16-b52243218ff8',32,635,'','','','Park Lane','6.9082273','79.8978194','Daniel Place','6.918780366529653','79.90107066929342','0..0 Km','LKR 22.70','0 Minutes','0 min',3,'','2017-12-07 17:04:08',NULL,NULL,NULL,NULL),(379,'53cff6ec-9420-444f-b368-4aeb01b5c364',32,635,'','','','Park Lane','6.908225','79.89787','Castle Street','6.908953987961665','79.89422734826803','0..0 Km','LKR 21.05','0 Minutes','0 min',3,'','2017-12-07 17:05:24',NULL,NULL,NULL,NULL),(380,'6a9aaeb6-9324-4520-ab9a-bb3e87cc2643',32,635,'','','','Park Lane','6.908205','79.8978183','','0.0','0.0','0..0 Km','LKR 23.40','1 Minutes','0 min',3,'','2017-12-07 17:07:57',NULL,NULL,NULL,NULL),(381,'06cd7aa6-d4e6-40b3-85a9-6417e0bb7de6',32,635,'','','','Park Lane','6.90821','79.8978083','','0.0','0.0','0..0 Km','LKR 26.80','2 Minutes','0 min',3,'','2017-12-07 17:10:08',NULL,NULL,NULL,NULL),(382,'b679f7b9-e3a5-40ab-9642-6390b1ff6968',32,635,'','','','Park Lane','6.908227','79.8978192','','0.0','0.0','0..0 Km','LKR 20.00','0 Minutes','0 min',3,'','2017-12-07 17:51:46',NULL,NULL,NULL,NULL),(383,'e1c3a8fb-2e85-45ac-85b0-20bd1e86e2ec',32,635,'','','','Park Lane','6.90824','79.8978233','','0.0','0.0','','','','',4,'','2017-12-07 17:57:59',NULL,NULL,NULL,NULL),(384,'3778a38d-b237-4d53-ad77-598061c04f78',32,635,'','','','Sri Jayawardenepura Mawatha','6.909446593180981','79.89657662808897','Castle Street','6.908953987961665','79.89422734826803','0..0 Km','LKR 32.20','4 Minutes','4 min',3,'','2017-12-07 17:58:54',NULL,NULL,NULL,NULL),(385,'00315ae4-cb2d-45b3-8400-dc6fdac9f762',32,635,'','','','Rajagiriya Udyanaya','6.907503795157858','79.89377472549677','161 Dr Danister De Silva Mawatha, Colombo 00900','6.922686830254704','79.87779513001442','','','','',4,'','2017-12-07 18:07:29',NULL,NULL,NULL,NULL),(386,'bcf92155-87fe-44d7-b3ea-751f2985e3f8',32,635,'','','','Park Lane','6.9082339','79.897837','Fort','6.9365199','79.84508','0..0 Km','LKR 20.00','0 Minutes','0 min',3,'','2017-12-07 18:13:59',NULL,NULL,NULL,NULL),(387,'b3e77fb1-7467-46ef-ad2e-2eaaaade699c',32,635,'','','','Rajagiriya Road','6.911571446569361','79.8930424824357','Fort','6.9365199','79.84508','0.0 Km','LKR 23.95','1 Minutes','0 min',3,'','2017-12-07 18:14:46',NULL,NULL,NULL,NULL),(388,'a96ad22a-55d7-4ae0-a8ae-b2f46ce4bf82',32,635,'','','','Borella - Rajagiriya Road','6.909479544457736','79.89661250263453','Fort','6.9365199','79.84508','0.0 Km','LKR 20.80','0 Minutes','0 min',3,'','2017-12-07 18:19:49',NULL,NULL,NULL,NULL),(389,'ba9df5e0-0470-4ce3-8550-5b43f494976f',32,635,'','','','Park Lane','6.9082217','79.8977733','','0.0','0.0','0..0 Km','LKR 20.35','0 Minutes','0 min',3,'','2017-12-07 18:21:42',NULL,NULL,NULL,NULL),(390,'ccd2de3e-7d83-4bfe-876d-c1bff26c1899',32,635,'','','','Park Lane','6.9082317','79.8977983','Daniel Place','6.918780366529653','79.90107066929342','0..0 Km','LKR 20.70','0 Minutes','0 min',3,'','2017-12-07 18:22:17',NULL,NULL,NULL,NULL),(391,'b7af7e21-1562-409d-b75a-679fa7d9e566',32,635,'','','','Park Lane','6.9082267','79.8978188','Daniel Place','6.918780366529653','79.90107066929342','0..0 Km','LKR 20.05','0 Minutes','0 min',3,'','2017-12-07 18:51:25',NULL,NULL,NULL,NULL),(392,'b4c5977a-b39e-4612-989d-4ec7714161d6',32,635,'','','','Park Lane','6.9081833','79.8977617','','0.0','0.0','0..0 Km','LKR 20.00','0 Minutes','0 min',3,'','2017-12-07 18:52:24',NULL,NULL,NULL,NULL),(393,'332e486d-d030-48c9-9b84-349c74f70371',32,635,'','','','Park Lane','6.9081833','79.8977617','Daniel Place','6.918780366529653','79.90107066929342','0..0 Km','LKR 20.05','0 Minutes','0 min',3,'','2017-12-07 18:52:36',NULL,NULL,NULL,NULL),(394,'b9561708-7ff9-4dc0-991c-c1e5b3c142df',32,635,'','','','Park Lane','6.9082413','79.8978281','','0.0','0.0','','','','',4,'','2017-12-08 10:06:23',NULL,NULL,NULL,NULL),(395,'4b03a935-1fc5-48ec-a755-044c9c6509db',32,635,'','','','Sri Jayawardenepura Mawatha','6.908941672824602','79.89749528467655','Fort','6.9365199','79.84508','','','','',4,'','2017-12-08 10:06:57',NULL,NULL,NULL,NULL),(396,'878bfcbc-42a3-437c-a66a-ca43adfa26e1',32,635,'','','','Sri Jayawardenepura Mawatha','6.909187309822074','79.89698499441147','Fort','6.9365199','79.84508','0.0 Km','LKR 20.10','0 Minutes','0 min',3,'','2017-12-08 10:07:15',NULL,NULL,NULL,NULL),(397,'be382024-a527-42b7-a6c3-5118c3b3d085',32,635,'','','','Park Lane','6.9082324','79.8978198','','0.0','0.0','0.0 Km','LKR 24.45','1 Minutes','0 min',3,'','2017-12-08 10:11:20',NULL,NULL,NULL,NULL),(398,'17732449-bfa2-47cd-9d87-d50530781030',32,635,'','','','Park Lane','6.9082429','79.8978307','','0.0','0.0','0.0 Km','LKR 20.00','0 Minutes','0 min',3,'','2017-12-08 10:14:46',NULL,NULL,NULL,NULL),(399,'044639d0-0ee1-4531-8262-e846c41628e5',32,635,'','','','Park Lane','6.9082411','79.8978374','','0.0','0.0','0.1 Km','LKR 120.75','33 Minutes','34 min',3,'','2017-12-08 10:16:04',NULL,NULL,NULL,NULL),(400,'95869fca-3279-4513-bf5d-f86d342e79dd',32,635,'','','','Castle Street','6.909166340815072','79.89581990987062','32 Kollupitiya - Sri Jayawardenapura Rd, Colombo 00700','6.911061868721656','79.87888813018799','0.0 Km','LKR 20.05','0 Minutes','0 min',3,'','2017-12-08 11:12:53',NULL,NULL,NULL,NULL),(401,'74181cdf-19c6-43d1-a942-639af371c6d2',32,635,'','','','Cotta Road','6.9096016971505545','79.89579811692236','Obeysekarapura Road','6.919125848734671','79.89270452409983','0.0 Km','LKR 32.45','4 Minutes','4 min',3,'','2017-12-08 12:08:27',NULL,NULL,NULL,NULL),(402,'713ed897-8582-4228-bec4-d1788b653046',32,635,'','','','Park Lane','6.9082367','79.89782','','0.0','0.0','0.0 Km','LKR 20.25','0 Minutes','0 min',3,'','2017-12-08 12:14:59',NULL,NULL,NULL,NULL),(403,'c2547a9f-f94e-4c55-b475-cfc883748e82',32,635,'','','','Park Lane','6.9082279','79.8978182','','0.0','0.0','0.0 Km','LKR 20.30','0 Minutes','0 min',3,'','2017-12-08 12:15:18',NULL,NULL,NULL,NULL),(404,'a1735cb1-4db1-4b13-8d42-b3eddea18b44',32,635,'','','','Park Lane','6.908305','79.8977667','','0.0','0.0','','','','',4,'','2017-12-08 12:16:46',NULL,NULL,NULL,NULL),(405,'1739ae77-29e1-426c-b3b0-382249de41b5',32,635,'','','','Castle Street','6.908321255774997','79.89329293370247','','6.91055062612256','79.86701164394619','0.0 Km','LKR 20.00','0 Minutes','0 min',3,'','2017-12-08 12:19:32',NULL,NULL,NULL,NULL),(406,'dad5214e-1b52-44c8-877b-12fa4ec8fff9',32,635,'','','','219 Kollupitiya - Sri Jayawardenapura Rd, Colombo','6.9084474028697995','79.88960221409798','51-55 Ananda Coomaraswamy Mawatha, Colombo 00700','6.912067044615366','79.8546925932169','0.0 Km','LKR 20.00','0 Minutes','0 min',3,'','2017-12-08 12:21:20',NULL,NULL,NULL,NULL),(407,'d22dae3f-3f1e-4e85-81f6-7d91e722afb3',32,635,'','','','2nd Lane','6.918701817553737','79.88726768642664','','6.937125853846997','79.86936662346125','0.0 Km','LKR 20.20','0 Minutes','0 min',4,'','2017-12-08 12:22:50',NULL,NULL,NULL,NULL),(408,'01e93312-6fd8-4aaa-8287-568554445fc9',32,635,'','','','Buthgamuwa Road','6.910541639431299','79.89988580346107','272 B231, 10600','6.928318311740774','79.90216735750437','0.0 Km','LKR 21.45','0 Minutes','0 min',3,'','2017-12-08 12:26:10',NULL,NULL,NULL,NULL),(409,'db36aed6-a573-45fa-a92a-3be977b65650',32,635,'','','','Park Lane','6.9082033','79.8977933','1st Lane','6.912972366769326','79.89921491593122','0.0 Km','LKR 52.95','10 Minutes','11 min',3,'','2017-12-08 12:27:22',NULL,NULL,NULL,NULL),(410,'e86850ff-11b3-4286-9337-ac97af8acdcd',32,635,'','','','Park Lane','6.9082217','79.8978017','','0.0','0.0','','','','',4,'','2017-12-08 12:42:52',NULL,NULL,NULL,NULL),(411,'b68c392c-2a09-4254-bc89-53b8d892bf2e',32,635,'','','','Park Lane','6.9082217','79.8978017','','0.0','0.0','','','','',4,'','2017-12-08 12:42:57',NULL,NULL,NULL,NULL),(412,'95bed614-18e2-486d-a148-45c46e5e58a1',32,635,'','','','Park Lane','6.9082217','79.8978017','','0.0','0.0','','','','',4,'','2017-12-08 12:43:03',NULL,NULL,NULL,NULL),(413,'42c271a1-a424-42bf-ac0e-f487c5d1f73e',32,635,'','','','Park Lane','6.9082217','79.8978017','','0.0','0.0','0.0 Km','LKR 21.10','0 Minutes','0 min',3,'','2017-12-08 12:43:09',NULL,NULL,NULL,NULL),(414,'c13e6c21-b038-483f-b5dd-65a8e75bae73',32,635,'','','','Park Lane','6.9082217','79.8978017','1st Lane','6.912972366769326','79.89921491593122','','','','',4,'','2017-12-08 12:43:47',NULL,NULL,NULL,NULL),(415,'330699d4-ad7a-4066-8d6a-2523aecbef7c',32,635,'','','','Magazine & Prison Hospital Road','6.923110192192685','79.87925995141268','Green Lane','6.943470723351128','79.86255683004856','0.0 Km','LKR 20.25','0 Minutes','0 min',3,'','2017-12-08 12:52:52',NULL,NULL,NULL,NULL),(416,'7f20608a-4ffd-40ab-851e-210aa12d9018',32,635,'','','','Asiri Uyana','6.917427059041686','79.89276219159365','Keppetipola Mawatha','6.926564305508615','79.88616093993187','0.0 Km','LKR 26.20','2 Minutes','2 min',3,'','2017-12-08 12:54:43',NULL,NULL,NULL,NULL),(417,'ce5bcd4a-3581-4560-9be1-37e1cab1fe68',32,635,'','','','192 Rajagiriya Rd, Sri Jayawardenepura Kotte','6.912613233666514','79.89344146102667','','6.91706526663866','79.89065833389759','0.0 Km','LKR 20.10','0 Minutes','0 min',3,'','2017-12-08 12:57:43',NULL,NULL,NULL,NULL),(418,'2efd9cc9-846c-400c-8b76-ccf9390cfeed',32,635,'','','','Park Lane','6.9082629','79.8978533','Green Lane','6.943470723351128','79.86255683004856','0.0 Km','LKR 20.10','0 Minutes','0 min',3,'','2017-12-08 13:07:33',NULL,NULL,NULL,NULL),(419,'c231f3dd-83ec-4dfc-af84-fa5beb24b145',32,635,'','','','Park Lane','6.912411200373807','79.89490158855915','Obeysekarapura Road','6.921218040964039','79.88252319395542','0.0 Km','LKR 20.15','0 Minutes','0 min',3,'','2017-12-08 13:08:31',NULL,NULL,NULL,NULL),(420,'83855808-ca5c-49ad-97b9-dbf4ab51560d',32,635,'','','','Sri Jayawardenepura Mawatha','6.912848550753593','79.89338513463734','192 Rajagiriya Rd, Sri Jayawardenepura Kotte','6.937431051216849','79.89244937896729','0.0 Km','LKR 20.15','0 Minutes','0 min',3,'','2017-12-08 13:10:45',NULL,NULL,NULL,NULL),(421,'4078b0db-ccb9-4bee-99ee-8104dbaadd63',36,642,'','','','Park Lane','6.908266986726698','79.89782108932724','Davidson Road','6.8826132','79.8610564','2.483015459025719','20','0','9',3,'','2017-12-08 13:12:37',NULL,NULL,NULL,NULL),(422,'2c340a48-f2e1-4109-ac22-3ffc34000d8e',32,635,'','','','Park Lane','6.9082505','79.8978418','1169 1st Ln, Sri Jayawardenepura Kotte','6.910266380323742','79.88967362791301','','','','',4,'','2017-12-08 13:12:58',NULL,NULL,NULL,NULL),(423,'d6f4f1b2-4fbd-4865-8023-acb3bce72b42',32,635,'','','','Park Lane','6.901215691754065','79.89075489342213','Galpotta Road','6.89749211792667','79.87737435847521','0.0 Km','LKR 20.25','0 Minutes','0 min',3,'','2017-12-08 13:13:20',NULL,NULL,NULL,NULL),(424,'29e914e8-8a41-43c5-b6ea-9ee51d30f193',32,635,'','','','Park Lane','6.9082','79.8977867','Obeysekarapura Road','6.919125848734671','79.89270452409983','0.0 Km','LKR 23.80','1 Minutes','1 min',3,'','2017-12-08 13:19:59',NULL,NULL,NULL,NULL),(425,'185f254d-67e4-45ed-b2a7-7a5fd40ccad8',32,635,'','','','Park Lane','6.9082183','79.8978567','','0.0','0.0','','','','',4,'','2017-12-08 13:21:34',NULL,NULL,NULL,NULL),(426,'1fa553da-78f8-4b9b-b019-efe504725821',32,635,'','','','Park Lane','6.9082183','79.8978567','','0.0','0.0','0.0 Km','LKR 29.30','3 Minutes','3 min',3,'','2017-12-08 13:21:42',NULL,NULL,NULL,NULL),(427,'05034a4b-3d10-4894-b82d-832f4bd33159',32,635,'','','','Park Lane','6.9082276','79.8978184','Obeysekarapura Road','6.919125848734671','79.89270452409983','','','','',4,'','2017-12-08 13:32:08',NULL,NULL,NULL,NULL),(428,'9e5369e8-0bc8-48e4-b48e-3261f1029db8',32,635,'','','','Park Lane','6.9082282','79.897818','15 Maitland Cres, Colombo 00700','6.91055062612256','79.86701164394619','0.0 Km','LKR 20.00','0 Minutes','0 min',3,'','2017-12-08 14:51:40','2017-12-08 14:51:48','2017-12-08 14:51:49',NULL,NULL),(429,'be734226-687b-4043-8653-37b15bf6c5d5',32,635,'','','','Park Lane','6.9082667','79.8978683','','0.0','0.0','','','','',4,'','2017-12-08 14:51:54',NULL,NULL,NULL,NULL),(430,'c2226775-d858-44e3-ba50-3481d4e6e220',32,635,'','','','Park Lane','6.9082667','79.8978683','','0.0','0.0','','','','',4,'','2017-12-08 14:51:59',NULL,NULL,NULL,NULL),(431,'cb2b816e-6d4e-457b-a32c-78802468683d',32,635,'','','','Park Lane','6.9082633','79.8978733','','0.0','0.0','0.0 Km','LKR 20.15','0 Minutes','0 min',3,'','2017-12-08 14:53:03','2017-12-08 14:53:08','2017-12-08 14:53:12',NULL,NULL),(432,'2dabb236-79ef-4e82-8fd6-3b378bb01817',32,635,'','','','Park Lane','6.9082633','79.8978733','','0.0','0.0','0.0 Km','LKR 20.40','0 Minutes','0 min',3,'','2017-12-08 14:53:26','2017-12-08 14:53:30','2017-12-08 14:53:38',NULL,NULL),(433,'3a201c66-78b6-44b8-b0aa-2f216e1d4fce',32,635,'','','','Park Lane','6.908255','79.8978267','','0.0','0.0','','','','',4,'','2017-12-08 15:22:32',NULL,NULL,NULL,NULL),(434,'4d0b1cd7-767f-4cd9-961c-6f2d825428f7',32,635,'','','','Park Lane','6.9082273','79.8978191','','0.0','0.0','0.0 Km','LKR 20.20','0 Minutes','0 min',3,'','2017-12-08 15:47:40','2017-12-08 15:47:44','2017-12-08 15:47:49',NULL,NULL),(435,'bb691b4d-b689-41d1-9fc1-25e67c1ca325',32,635,'','','','Park Lane','6.90822','79.8977867','','0.0','0.0','0.0 Km','LKR 20.70','0 Minutes','0 min',3,'','2017-12-08 16:10:08','2017-12-08 16:10:55','2017-12-08 16:11:10',NULL,NULL),(436,'7ca7156a-97a9-4dc0-96b6-915e7155a845',32,635,'','','','Park Lane','6.90822','79.8977867','Park Lane','6.90716429562636','79.89720493555069','','','','',4,'','2017-12-08 16:11:33',NULL,NULL,NULL,NULL),(437,'da143d67-4d89-45fc-8e53-2f321b07eb47',32,635,'','','','Park Lane','6.906165433336662','79.89739671349525','15 Maitland Cres, Colombo 00700','6.91055062612256','79.86701164394619','0.0 Km','LKR 20.15','0 Minutes','0 min',3,'','2017-12-08 16:12:18','2017-12-08 16:12:27','2017-12-08 16:12:32',NULL,NULL),(438,'2edc5b4e-aeaf-4f4d-b8bc-3ccf30f42278',36,642,'','','','Park Lane','6.908226502134379','79.89781614400437','','0','0','0','20','0','11',3,'','2017-12-08 16:29:13','2017-12-08 16:29:21','2017-12-08 16:29:35',NULL,NULL),(439,'7d9dc654-e19a-49e5-9230-d21bf65d2de2',36,642,'','','','Park Lane','6.908249468549069','79.89781178541472','Davidson Road','6.8826132','79.8610564','5.232634247998759','0','0','5',3,'','2017-12-08 18:02:04','2017-12-08 18:02:16','2017-12-08 18:02:25',NULL,NULL),(440,'96470906-a450-4b3e-a0d0-068a563f6b77',32,635,'','','','Park Lane','6.90824','79.8978067','','0.0','0.0','0.0 Km','LKR 20.10','0 Minutes','0 min',3,'','2017-12-08 18:02:29','2017-12-08 18:02:45','2017-12-08 18:02:48',NULL,NULL),(441,'94300531-9bb3-4618-afa2-926bc6eb705d',32,635,'','','','Park Lane','6.9082467','79.897875','','0.0','0.0','','','','',4,'','2017-12-08 18:02:55',NULL,NULL,NULL,NULL),(442,'e93cd8d8-6001-45ea-a021-856068507286',32,635,'','','','Park Lane','6.9082433','79.8978567','15 Maitland Cres, Colombo 00700','6.91055062612256','79.86701164394619','0.0 Km','LKR 23.20','1 Minutes','1 min',3,'','2017-12-08 18:03:10','2017-12-08 18:03:15','2017-12-08 18:04:20',NULL,NULL),(443,'99f96974-bc0c-4725-93ec-7572f12017f1',36,642,'','','','Park Lane','6.908255713066932','79.89780088894059','Davidson Road','6.8826132','79.8610564','0','0','0','21',3,'','2017-12-08 18:03:59','2017-12-08 18:04:09','2017-12-08 18:04:33',NULL,NULL),(444,'d64b117b-7c0c-4db4-ae04-0a34fda30d39',32,635,'','','','Park Lane','6.908245','79.8978333','1st Lane','6.912972366769326','79.89921491593122','0.0 Km','LKR 20.60','0 Minutes','0 min',3,'','2017-12-08 18:04:51','2017-12-08 18:05:11','2017-12-08 18:05:24',NULL,NULL),(445,'38db4f54-55a8-4329-89c1-594555272437',32,635,'','','','Park Lane','6.9082264','79.8978183','15 Maitland Cres, Colombo 00700','6.91055062612256','79.86701164394619','0.0 Km','LKR 20.50','0 Minutes','0 min',3,'','2017-12-08 18:05:44','2017-12-08 18:05:51','2017-12-08 18:06:03',NULL,NULL),(446,'56b3d6c9-180b-48cf-b5a8-6dec5b66fa60',32,635,'','','','Park Lane','6.9082257','79.8978185','','0.0','0.0','0.0 Km','LKR 20.15','0 Minutes','0 min',3,'','2017-12-08 18:07:53','2017-12-08 18:07:55','2017-12-08 18:07:59',NULL,NULL),(447,'a4fb6b08-fc15-4bec-bf1d-89035f2d9696',32,635,'','','','Park Lane','6.9082633','79.8977833','','0.0','0.0','','','','',4,'','2017-12-08 18:08:05',NULL,NULL,NULL,NULL),(448,'9bdd779c-7a87-4d12-afbf-6c93badb1146',32,635,'','','','Park Lane','6.9082633','79.8977833','','0.0','0.0','0.0 Km','LKR 20.05','0 Minutes','0 min',3,'','2017-12-08 18:08:17','2017-12-08 18:08:25','2017-12-08 18:08:28',NULL,NULL),(449,'a34db055-428b-4952-afd5-d8b3f8b3e89f',32,635,'','','','Park Lane','6.9082266','79.8978183','','0.0','0.0','0.0 Km','LKR 21.05','0 Minutes','0 min',3,'','2017-12-08 18:08:32','2017-12-08 18:08:36','2017-12-08 18:08:58',NULL,NULL),(450,'2da3d5d8-e030-4929-a00e-e81a543dc549',32,635,'','','','Park Lane','6.9082268','79.8978174','','0.0','0.0','0.0 Km','LKR 20.60','0 Minutes','0 min',3,'','2017-12-08 18:09:03','2017-12-08 18:09:05','2017-12-08 18:12:55',NULL,NULL),(451,'220bfd97-4bd6-446e-b299-0be63cd1e82a',32,635,'','','','61 Dharmapala Pl, Sri Jayawardenepura Kotte','6.911561461378391','79.89527307450771','11021 Wanathamulla Rd, Colombo 00800','6.923032309600518','79.88216411322355','0.0 Km','LKR 28.85','2 Minutes','3 min',3,'','2017-12-11 10:32:21','2017-12-11 10:32:38','2017-12-11 10:35:40',NULL,NULL),(452,'2a051cb9-7929-4d56-bd26-0520e5ac3725',32,635,'','','','Park Lane','6.90824','79.8978083','','0.0','0.0','0.0 Km','LKR 20.00','0 Minutes','0 min',3,'','2017-12-11 10:36:05','2017-12-11 10:36:07','2017-12-11 10:36:08',NULL,NULL),(453,'961ef613-d02b-4a15-befb-d92bf6b79339',32,635,'','','','Park Lane','6.90824','79.8978083','15 Maitland Cres, Colombo 00700','6.91055062612256','79.86701164394619','0.0 Km','LKR 20.50','0 Minutes','0 min',3,'','2017-12-11 10:36:19','2017-12-11 10:36:22','2017-12-11 10:36:33',NULL,NULL),(454,'9ee7d772-d76c-4a37-8172-56418289afda',32,635,'','','','Park Lane','6.9082333','79.8978145','','0.0','0.0','0.0 Km','LKR 20.35','0 Minutes','0 min',4,'','2017-12-11 10:37:20','2017-12-11 11:02:54','2017-12-11 11:03:03',NULL,NULL),(455,'e8a0c2fc-0db0-4a66-bf93-b410039de3ed',32,635,'','','','Park Lane','6.9082152','79.8979029','Karapitiya','6.0705817','80.2251603','','','','',4,'','2017-12-11 11:04:03',NULL,NULL,NULL,NULL),(456,'ca08b1f0-27af-4c65-9d8d-90d8560887fe',32,635,'','','','Park Lane','6.9082325','79.8978625','25 St Stephen\'s Mawatha, Colombo','6.919327213487074','79.89548798650503','','','','',4,'','2017-12-11 11:12:34',NULL,NULL,NULL,NULL),(457,'9ad20b04-6c95-4f9d-8ad0-6ebd4f32f0e5',32,635,'','','','Park Lane','6.908134','79.8978756','','0.0','0.0','','','','',4,'','2017-12-11 11:15:26',NULL,NULL,NULL,NULL),(458,'82fc1789-4fdc-4c45-93ac-9b385f24760e',32,635,'','','','Park Lane','6.9081335','79.8978739','25 St Stephen\'s Mawatha, Colombo','6.919327213487074','79.89548798650503','','','','',4,'','2017-12-11 11:15:38',NULL,NULL,NULL,NULL),(459,'e9f63aa3-7522-4a97-86b9-be87ea8bbc1f',32,635,'','','','Park Lane','6.9082326','79.8978531','25 St Stephen\'s Mawatha, Colombo','6.919327213487074','79.89548798650503','0.0 Km','LKR 20.75','0 Minutes','0 min',3,'','2017-12-11 11:25:26','2017-12-11 11:25:34','2017-12-11 11:25:51',NULL,NULL),(460,'0fe8f01c-2de1-4c98-a394-e531b8606340',32,635,'','','','Park Lane','6.9082472','79.8978252','25 St Stephen\'s Mawatha, Colombo','6.919327213487074','79.89548798650503','0.0 Km','LKR 20.95','0 Minutes','0 min',3,'','2017-12-11 11:26:04','2017-12-11 11:26:08','2017-12-11 11:26:30',NULL,NULL),(461,'2096c0f2-bf77-4861-bbd8-b1e8df909cf9',32,635,'','','','Park Lane','6.9082472','79.8978252','','0.0','0.0','0.0 Km','LKR 20.10','0 Minutes','0 min',3,'','2017-12-11 11:26:42','2017-12-11 11:26:45','2017-12-11 11:26:49',NULL,NULL),(462,'69411dde-174e-4951-9b01-9934f6ab4789',32,635,'','','','Park Lane','6.9082472','79.8978252','25 St Stephen\'s Mawatha, Colombo','6.919327213487074','79.89548798650503','0.0 Km','LKR 20.15','0 Minutes','0 min',3,'','2017-12-11 11:27:10','2017-12-11 11:27:12','2017-12-11 11:27:18',NULL,NULL),(463,'9d71b3ad-2591-406c-aef8-0c324f107f55',32,635,'','','','Park Lane','6.908227','79.8978188','1st Lane','6.912972366769326','79.89921491593122','','','','',4,'','2017-12-11 11:29:52','2017-12-11 11:36:55',NULL,NULL,NULL),(464,'814ed52b-4e99-4ba6-b476-329e64993474',32,635,'','','','Park Lane','6.9082667','79.8978083','','0.0','0.0','','','','',4,'','2017-12-11 11:37:42',NULL,NULL,NULL,NULL),(465,'47698d6e-83d4-41bd-b3c0-f61dcc2d218e',32,635,'','','','Park Lane','6.90819','79.8978317','','0.0','0.0','','','','',4,'','2017-12-11 11:38:51',NULL,NULL,NULL,NULL),(466,'81b91de4-93bd-47bc-bb38-8b22670bcc2c',32,635,'','','','Park Lane','6.9082269','79.8978191','','0.0','0.0','0.0 Km','LKR 20.05','0 Minutes','0 min',3,'','2017-12-11 11:39:15','2017-12-11 11:39:16','2017-12-11 11:39:19',NULL,NULL),(467,'baf3fddc-4251-4974-9593-68fe02047446',32,635,'','','','Park Lane','6.9081667','79.89784','Obeysekarapura Road','6.919125848734671','79.89270452409983','0.0 Km','LKR 24.05','1 Minutes','1 min',3,'','2017-12-11 11:39:26','2017-12-11 11:39:29','2017-12-11 11:40:51',NULL,NULL),(468,'5163eae0-cb4f-405f-9037-01ceacf667ba',32,635,'','','','Park Lane','6.9081583','79.8979033','1st Lane','6.912972366769326','79.89921491593122','0.0 Km','LKR 20.00','0 Minutes','0 min',3,'','2017-12-11 11:46:52','2017-12-11 11:47:12','2017-12-11 11:47:14',NULL,NULL),(469,'3d2677c1-8225-47dc-b0c3-3c9c7e54a2c1',32,635,'','','','Park Lane','6.9082152','79.8978511','Unnamed Road','9.576750943737647','80.3468095511198','0.0 Km','LKR 20.00','0 Minutes','0 min',3,'','2017-12-11 11:47:19','2017-12-11 11:47:28','2017-12-11 11:47:33',NULL,NULL),(470,'41dd49e5-9398-49de-9ed1-ae8e66a316b6',32,635,'','','','Park Lane','6.9082084','79.8978582','Karapitiya','6.0705817','80.2251603','0.0 Km','LKR 20.00','0 Minutes','0 min',3,'','2017-12-11 11:48:09','2017-12-11 11:48:11','2017-12-11 11:48:12',NULL,NULL),(471,'586c6f0d-2e05-4166-8830-6eff70dc664c',32,635,'','','','Park Lane','6.9082245','79.8978277','','0.0','0.0','0.0 Km','LKR 20.00','0 Minutes','0 min',3,'','2017-12-11 11:51:13','2017-12-11 11:51:16','2017-12-11 11:51:18',NULL,NULL),(472,'f12d4050-7f83-4864-acd7-ef009360849d',32,635,'','','','Park Lane','6.9082216','79.897824','','0.0','0.0','0.0 Km','LKR 20.00','0 Minutes','0 min',3,'','2017-12-11 11:51:59','2017-12-11 11:52:03','2017-12-11 11:52:05',NULL,NULL),(473,'8d9eb8c0-02aa-40a9-9c65-45abd3efefa6',32,635,'','','','Park Lane','6.908223','79.897825','','0.0','0.0','0.0 Km','LKR 20.10','0 Minutes','0 min',3,'','2017-12-11 11:52:11','2017-12-11 11:52:20','2017-12-11 11:52:23',NULL,NULL),(474,'ca973e61-da5d-4b92-8103-6ac2037bfea3',32,635,'','','','Park Lane','6.908226','79.8978249','','0.0','0.0','0.0 Km','LKR 20.10','0 Minutes','0 min',3,'','2017-12-11 11:52:40','2017-12-11 11:52:43','2017-12-11 11:52:46',NULL,NULL),(475,'29ad683d-87d0-4d95-939e-78e490ebb231',32,635,'','','','Park Lane','6.9082569','79.8978556','','0.0','0.0','','','','',4,'','2017-12-11 11:59:58',NULL,NULL,NULL,NULL),(476,'5e57f941-d386-44df-88bd-968a4df8ae06',32,635,'','','','Park Lane','6.9082394','79.8978633','','0.0','0.0','','','','',4,'','2017-12-11 12:00:24',NULL,NULL,NULL,NULL),(477,'8c6e87b3-92cf-491f-b064-7232bffbb748',32,635,'','','','Park Lane','6.9082398','79.8978637','','0.0','0.0','','','','',4,'','2017-12-11 12:00:31',NULL,NULL,NULL,NULL),(478,'280acc35-9113-42a2-9a61-82b93da69b3d',32,635,'','','','Park Lane','6.9082409','79.8978636','','0.0','0.0','0.0 Km','LKR 20.05','0 Minutes','0 min',3,'','2017-12-11 12:00:35','2017-12-11 12:00:36','2017-12-11 12:00:39',NULL,NULL),(479,'5fd188fe-98a8-468a-a947-4e2ff8356438',32,635,'','','','Park Lane','6.908225','79.8978665','','0.0','0.0','0.0 Km','LKR 20.05','0 Minutes','0 min',3,'','2017-12-11 12:03:20','2017-12-11 12:03:22','2017-12-11 12:03:24',NULL,NULL),(480,'32d1dce4-f8e3-4796-a0ee-2ffdd0d383c3',32,635,'','','','Park Lane','6.9082357','79.8978645','','0.0','0.0','0.0 Km','LKR 20.05','0 Minutes','0 min',3,'','2017-12-11 12:05:40','2017-12-11 12:05:43','2017-12-11 12:05:44',NULL,NULL),(481,'7fd8690d-5ecc-4880-b38c-995c77eb3a88',32,635,'','','','Park Lane','6.9082167','79.8978445','','0.0','0.0','0.0 Km','LKR 20.00','0 Minutes','0 min',3,'','2017-12-11 12:08:43','2017-12-11 12:08:45','2017-12-11 12:08:47',NULL,NULL),(482,'0651cda6-0591-4540-a705-a724281abede',32,635,'','','','Park Lane','6.9082188','79.8978408','','0.0','0.0','0.0 Km','LKR 20.00','0 Minutes','0 min',3,'','2017-12-11 12:08:53','2017-12-11 12:08:55','2017-12-11 12:08:56',NULL,NULL),(483,'09f1e466-d454-45b6-9507-43040eefdb93',32,635,'','','','Park Lane','6.9082177','79.8978407','','0.0','0.0','','','','',4,'','2017-12-11 12:09:02',NULL,NULL,NULL,NULL),(484,'8972aa1a-d0eb-4549-843e-b7f83500500d',32,635,'','','','Park Lane','6.9082177','79.8978406','','0.0','0.0','','','','',4,'','2017-12-11 12:09:07',NULL,NULL,NULL,NULL),(485,'5b255598-d83c-4c67-bf7f-15695c6b5214',32,635,'','','','Park Lane','6.9082177','79.8978407','','0.0','0.0','0.0 Km','LKR 20.05','0 Minutes','0 min',3,'','2017-12-11 12:09:12','2017-12-11 12:09:14','2017-12-11 12:09:17',NULL,NULL),(486,'3a690b98-02f7-45a1-a2c1-a84cf6535dd2',32,635,'','','','Park Lane','6.9082165','79.8978402','Karapitiya','6.0705817','80.2251603','0.0 Km','LKR 20.10','0 Minutes','0 min',3,'','2017-12-11 12:09:26','2017-12-11 12:09:29','2017-12-11 12:09:32',NULL,NULL),(487,'e7723864-14f7-48a1-8ce8-dcaf0c92d064',32,635,'','','','Park Lane','6.9082146','79.8978389','52 Dharmapala Pl, Sri Jayawardenepura Kotte','6.91099130662499','79.8945850878954','0.0 Km','LKR 20.35','0 Minutes','0 min',3,'','2017-12-11 12:09:43','2017-12-11 12:09:49','2017-12-11 12:09:56',NULL,NULL),(488,'129e10fd-febb-4167-9648-9e3c7bb90d3c',32,635,'','','','Park Lane','6.9082193','79.8978409','Karapitiya','6.0705817','80.2251603','0.0 Km','LKR 20.35','0 Minutes','0 min',3,'','2017-12-11 12:10:08','2017-12-11 12:10:15','2017-12-11 12:10:23','',NULL),(489,'e0a7c709-1ac5-4544-8cbf-b0bb55e8844b',32,635,'','','','Park Lane','6.9082264','79.8978198','','0.0','0.0','','','','',4,'','2017-12-11 12:14:30',NULL,NULL,NULL,NULL),(490,'e897ee5e-e4ef-401e-afa7-112ee00a40f3',32,635,'','','','Park Lane','6.9082264','79.8978198','','0.0','0.0','','','','',4,'','2017-12-11 12:14:33',NULL,NULL,NULL,NULL),(491,'700ce590-e534-4f36-becc-0ce35e8bb30f',32,635,'','','','Park Lane','6.9082309','79.8978027','','0.0','0.0','0.0 Km','LKR 20.65','0 Minutes','0 min',3,'','2017-12-11 12:15:14','2017-12-11 12:15:22','2017-12-11 12:15:37','',''),(492,'f7acfeba-9521-4179-8bfa-1ae3729b4400',32,635,'','','','Park Lane','6.9082309','79.8978027','','0.0','0.0','0.0 Km','LKR 20.15','0 Minutes','0 min',3,'','2017-12-11 12:15:57','2017-12-11 12:15:59','2017-12-11 12:16:05','',''),(493,'4351e1c1-7943-4d83-b666-8ef68184e001',32,635,'','','','Park Lane','6.908253','79.8978338','','0.0','0.0','0.0 Km','LKR 20.00','0 Minutes','0 min',3,'','2017-12-11 12:19:54','2017-12-11 12:19:56','2017-12-11 12:19:58','',''),(494,'15ec8138-3c31-4e2b-b8ae-3fb285dfc4d8',32,635,'','','','Park Lane','6.9082529','79.8978232','','0.0','0.0','0.0 Km','LKR 20.05','0 Minutes','0 min',3,'','2017-12-11 12:20:02','2017-12-11 12:20:04','2017-12-11 12:20:05','',''),(495,'a76ec70b-93bd-454e-a0ed-62fce3a6de38',32,635,'','','','Park Lane','6.9083516','79.8978249','52 Dharmapala Pl, Sri Jayawardenepura Kotte','6.91099130662499','79.8945850878954','0.0 Km','LKR 20.90','0 Minutes','0 min',3,'','2017-12-11 12:20:16','2017-12-11 12:20:23','2017-12-11 12:20:41','',''),(496,'f9a8d066-5bfe-4b01-956b-0ecb210305ab',32,635,'','','','Park Lane','6.9082724','79.8978287','','0.0','0.0','0.0 Km','LKR 20.30','0 Minutes','0 min',3,'','2017-12-11 12:20:47','2017-12-11 12:20:54','2017-12-11 12:21:03','',''),(497,'ff1eb903-f408-48d1-9b04-9be8bebfe21f',32,635,'','','','Park Lane','6.9082724','79.8978287','','0.0','0.0','0.0 Km','LKR 20.10','0 Minutes','0 min',3,'','2017-12-11 12:21:22','2017-12-11 12:21:24','2017-12-11 12:21:29','',''),(498,'3a257d60-11e8-442f-a950-f7e80e60629d',32,635,'','','','Park Lane','6.9082724','79.8978287','','0.0','0.0','0.0 Km','LKR 20.35','0 Minutes','0 min',3,'','2017-12-11 12:21:35','2017-12-11 12:21:40','2017-12-11 12:21:48','',''),(499,'f433773a-33bf-4715-ab85-4a9de23b581f',32,635,'','','','Park Lane','6.9082724','79.8978287','','0.0','0.0','0.0 Km','LKR 20.35','0 Minutes','0 min',3,'','2017-12-11 12:22:02','2017-12-11 12:22:04','2017-12-11 12:22:11','',''),(500,'ae91f24b-d42e-42f2-bfff-5eca7bcd43c4',32,635,'','','','Park Lane','6.9082724','79.8978287','','0.0','0.0','0.0 Km','LKR 20.45','0 Minutes','0 min',3,'','2017-12-11 12:22:26','2017-12-11 12:22:27','2017-12-11 12:22:39','',''),(501,'a01907c2-5667-4ad2-a1d6-f14f933bf5d6',32,635,'','','','Park Lane','6.9082724','79.8978287','','0.0','0.0','0.0 Km','LKR 20.00','0 Minutes','0 min',3,'','2017-12-11 12:23:09','2017-12-11 12:23:25','2017-12-11 12:23:27','',''),(502,'8b27662b-7209-4b8d-b0bc-54fdb5f843bf',32,635,'','','','Park Lane','6.9082724','79.8978287','','0.0','0.0','0.0 Km','LKR 20.55','0 Minutes','0 min',3,'','2017-12-11 12:23:34','2017-12-11 12:23:35','2017-12-11 12:23:49','',''),(503,'b91d733a-bad6-432d-99be-3eba939040ba',32,635,'','','','Park Lane','6.9083243','79.8979054','','0.0','0.0','0.0 Km','LKR 21.85','0 Minutes','0 min',3,'','2017-12-11 12:24:37','2017-12-11 12:25:06','2017-12-11 12:25:43','',''),(504,'e9ffa8a9-18c3-43e3-aab7-e3e1867c515d',32,635,'','','','Park Lane','6.9083018','79.8978427','','0.0','0.0','0.0 Km','LKR 20.25','0 Minutes','0 min',3,'','2017-12-11 12:27:15','2017-12-11 12:27:17','2017-12-11 12:27:25','',''),(505,'3c8e6c2e-20f3-4f89-87e6-b1c48b89cd56',32,635,'','','','Park Lane','6.9083018','79.8978427','','0.0','0.0','0.0 Km','LKR 20.40','0 Minutes','0 min',3,'','2017-12-11 12:27:43','2017-12-11 12:27:49','2017-12-11 12:27:59','',''),(506,'d5f148c9-3543-4bcb-9d62-bc1e55b1d7e4',32,635,'','','','Park Lane','6.9082776','79.8978274','','0.0','0.0','0.0 Km','LKR 20.85','0 Minutes','0 min',3,'','2017-12-11 12:29:56','2017-12-11 12:29:57','2017-12-11 12:30:17','',''),(507,'4f163a3c-853e-45e5-8a2f-702bfd4b9502',32,635,'','','','Park Lane','6.9082757','79.8978319','','0.0','0.0','0.0 Km','LKR 20.10','0 Minutes','0 min',3,'','2017-12-11 12:30:50','2017-12-11 12:30:52','2017-12-11 12:30:55','',''),(508,'37caed1c-9f22-49da-a7c3-96596cbfa177',32,635,'','','','Park Lane','6.9082157','79.8979688','','0.0','0.0','0.0 Km','LKR 20.00','0 Minutes','0 min',3,'','2017-12-11 12:30:59','2017-12-11 12:31:01','2017-12-11 12:31:02','',''),(509,'d7902e8d-8603-40eb-a2e5-449e3e51dfd4',32,635,'','','','Park Lane','6.9082651','79.8978568','','0.0','0.0','0.0 Km','LKR 20.40','0 Minutes','0 min',3,'','2017-12-11 12:31:06','2017-12-11 12:31:09','2017-12-11 12:31:19','',''),(510,'209fc5ad-f7b6-4f56-8a5f-2b11967103a6',32,635,'','','','Park Lane','6.9082683','79.8978133','Karapitiya','6.0705817','80.2251603','0.0 Km','LKR 20.30','0 Minutes','0 min',3,'','2017-12-11 12:31:54','2017-12-11 12:31:56','2017-12-11 12:32:05','',''),(511,'7d0c07f3-53d2-4a30-87ec-26b2332c8efd',32,635,'','','','Park Lane','6.9082683','79.8978133','','0.0','0.0','0.0 Km','LKR 20.15','0 Minutes','0 min',3,'','2017-12-11 12:32:09','2017-12-11 12:32:11','2017-12-11 12:32:15','',''),(512,'b73426ca-d500-4b1d-8475-c17643b35354',32,635,'','','','Park Lane','6.9082683','79.8978133','','0.0','0.0','0.0 Km','LKR 20.05','0 Minutes','0 min',3,'','2017-12-11 12:32:23','2017-12-11 12:32:25','2017-12-11 12:32:29','',''),(513,'c34a826f-c3e3-4e5b-b4cd-b55b315c471f',32,635,'','','','Park Lane','6.9082683','79.8978133','','0.0','0.0','0.0 Km','LKR 20.65','0 Minutes','0 min',3,'','2017-12-11 12:32:33','2017-12-11 12:32:42','2017-12-11 12:32:55','',''),(514,'09de2c8f-0097-46f7-8e7b-6d98475b8edd',32,635,'','','','Park Lane','6.9082683','79.8978133','','0.0','0.0','0.0 Km','LKR 21.50','0 Minutes','0 min',3,'','2017-12-11 12:33:01','2017-12-11 12:33:02','2017-12-11 12:33:36','',''),(515,'2fb8008b-f3e3-468e-bf59-c73a9d5b9d25',32,635,'','','','Park Lane','6.9082317','79.8978806','','0.0','0.0','','','','',4,'','2017-12-11 12:43:15',NULL,NULL,NULL,NULL),(516,'06ffc17c-3d20-4acf-a8df-69bbd49bf2a4',32,635,'','','','Park Lane','6.9082453','79.8977277','','0.0','0.0','0.0 Km','LKR 20.00','0 Minutes','0 min',3,'','2017-12-11 12:47:00','2017-12-11 12:47:02','2017-12-11 12:47:03','',''),(517,'8a03eeb0-6101-4ec0-8867-e0f69e5ed3dc',32,635,'','','','Park Lane','6.908225','79.8978483','15 Maitland Cres, Colombo 00700','6.91055062612256','79.86701164394619','0.0 Km','LKR 23.05','1 Minutes','1 min',3,'','2017-12-11 13:35:50','2017-12-11 13:36:15','2017-12-11 13:37:18','',''),(518,'3ef0a425-519b-40ab-b0e2-8875df9046d9',32,635,'','','','Park Lane','6.908225','79.8978483','','0.0','0.0','','','','',4,'','2017-12-11 13:38:16',NULL,NULL,NULL,NULL),(519,'48704c3a-87bb-4320-830b-0df300b41d66',32,635,'','','','Abhaya Road','6.929949498398354','79.88922536373138','Unnamed Road','6.943588207801251','79.82385691255331','0.0 Km','LKR 22.10','0 Minutes','0 min',3,'','2017-12-11 13:41:03','2017-12-11 13:41:27','2017-12-11 13:42:10','',''),(520,'b76bd84f-312c-47ad-b253-65d24dfe54e4',32,635,'','','','Park Lane','6.9082278','79.8978181','25 St Stephen\'s Mawatha, Colombo','6.919327213487074','79.89548798650503','','','','',4,'','2017-12-11 13:45:59',NULL,NULL,NULL,NULL),(521,'5251e317-e6ad-43bb-ac29-71d42c7630bd',32,635,'','','','Rajagiriya, Sri Lanka','6.909410800000001','79.8942538','Nawala Rd, Sri Jayawardenepura Kotte, Sri Lanka','6.899911599999999','79.89398899999999','','','','',4,'','2017-12-11 13:48:04',NULL,NULL,NULL,NULL),(522,'2fc221c3-1b8c-473e-8c3d-f66dfef63ad9',32,635,'','','','Park Lane','6.9082617','79.89786','','0.0','0.0','0.0 Km','LKR 21.45','0 Minutes','0 min',3,'','2017-12-11 14:38:49','2017-12-11 14:39:00','2017-12-11 14:39:29','',''),(523,'c348ccde-5f46-4649-a36a-2bfa8a8a3ca6',32,635,'','','','Park Lane','6.9082273','79.8978187','','0.0','0.0','','','','',4,'','2017-12-11 14:39:43',NULL,NULL,NULL,NULL),(524,'f1155a2c-89b8-4684-8ae9-e10872aa7dbb',32,635,'','','','Park Lane','6.9082273','79.8978186','','0.0','0.0','0.0 Km','LKR 20.15','0 Minutes','0 min',3,'','2017-12-11 14:39:48','2017-12-11 14:39:50','2017-12-11 14:39:55','',''),(525,'a4344701-3ba3-468f-9381-e297385e2e86',32,635,'','','','Park Lane','6.90824','79.897805','','0.0','0.0','','','','',4,'','2017-12-11 15:05:51',NULL,NULL,NULL,NULL),(526,'aa083999-7000-4405-88d9-a4f51484b90b',36,642,'','','','Park Lane','6.908236141323027','79.89779267467549','Not Mentioned','0','0','0','20','0','174',3,'','2017-12-11 15:12:03','2017-12-11 15:12:09','2017-12-11 15:15:06','','20'),(527,'a54a9530-48f0-40a2-a100-a1883f1e96e2',32,635,'','','','Park Lane','6.90823','79.8976417','','0.0','0.0','0.0 Km','LKR 23.70','1 Minutes','1 min',3,'','2017-12-11 15:56:54','2017-12-11 15:58:04','2017-12-11 15:59:19','',''),(528,'3065ca25-04dc-406e-82b9-b8e1144da3ee',32,635,'','','','Oil Refinery Junction - Free Trade Zone Road','6.96750017505708','79.95745740830898','Saint Clive Lower Division Road','7.022618282861172','80.49555379897356','0.0 Km','LKR 20.05','0 Minutes','0 min',3,'','2017-12-11 15:59:50','2017-12-11 16:00:21','2017-12-11 16:00:22','',''),(529,'c3774dac-4132-4853-8e78-30269e07bcd3',32,635,'','','','80A','6.957687459910409','79.9469830468297','134 Pamunuwila Rd, Gonawala','6.96754709987628','79.94236595928669','0.0 Km','LKR 35.20','5 Minutes','1 min',3,'','2017-12-11 16:01:01','2017-12-11 16:01:59','2017-12-11 16:07:14','',''),(530,'91829ce0-13a7-4b3c-9273-939688e31c51',32,635,'','','','Park Lane','6.9082189','79.8977965','','0.0','0.0','','','','',4,'','2017-12-11 16:27:09',NULL,NULL,NULL,NULL),(531,'87323f37-fe6f-4474-8e29-d6aef935c26c',32,635,'','','','Park Lane','6.9082186','79.8977927','','0.0','0.0','','','','',4,'','2017-12-11 16:28:06',NULL,NULL,NULL,NULL),(532,'9776dbe0-f03d-425e-b0e9-50f5925e0336',32,635,'','','','Park Lane','6.9082134','79.897828','','0.0','0.0','','','','',4,'','2017-12-11 16:28:57',NULL,NULL,NULL,NULL),(533,'f745ab24-c63e-41f4-b179-e560ca7fdc90',32,635,'','','','Park Lane','6.9082162','79.8978292','','0.0','0.0','','','','',4,'','2017-12-11 16:29:36',NULL,NULL,NULL,NULL),(534,'9ae30207-02f5-438a-abae-273432cf59e4',32,635,'','','','Park Lane','6.9082087','79.8978293','','0.0','0.0','','','','',4,'','2017-12-11 16:30:08',NULL,NULL,NULL,NULL),(535,'9ea64345-4ce5-4e55-a8ab-4eac015fc8a5',32,635,'','','','Park Lane','6.9082236','79.8978292','','0.0','0.0','','','','',4,'','2017-12-11 16:31:10',NULL,NULL,NULL,NULL),(536,'48524efb-140f-4745-937f-fa658239df2f',32,635,'','','','Park Lane','6.9082151','79.8978178','','0.0','0.0','','','','',4,'','2017-12-11 16:31:47',NULL,NULL,NULL,NULL),(537,'78b5bd51-d542-4c55-9189-a334d7620611',32,635,'','','','Park Lane','6.9082197','79.8978261','','0.0','0.0','','','','',4,'','2017-12-11 16:32:10',NULL,NULL,NULL,NULL),(538,'e5c1657c-98b6-4059-b475-525bc82fb777',32,635,'','','','Park Lane','6.9082189','79.8978271','','0.0','0.0','0.0 Km','LKR 20.35','0 Minutes','0 min',3,'','2017-12-11 16:32:18','2017-12-11 16:32:22','2017-12-11 16:32:31','',''),(539,'6a7239e8-4938-4f2c-b7a7-a4f6e5af59ca',32,635,'','','','Park Lane','6.9082717','79.8978383','','0.0','0.0','','','','',4,'','2017-12-11 16:43:29',NULL,NULL,NULL,NULL),(540,'97973056-6f61-4dbc-b322-c043eadad33d',32,635,'','','','Park Lane','6.90824','79.8978583','','0.0','0.0','','','','',4,'','2017-12-11 16:45:01',NULL,NULL,NULL,NULL),(541,'627e7b46-2b9f-4c9d-b9b3-76705f9a19f1',32,635,'','','','Park Lane','6.90824','79.8978583','','0.0','0.0','','','','',4,'','2017-12-11 16:45:12',NULL,NULL,NULL,NULL),(542,'4e22010a-af7b-4f20-8317-e737ab887420',32,635,'','','','Park Lane','6.90824','79.8978583','','0.0','0.0','','','','',4,'','2017-12-11 16:45:20',NULL,NULL,NULL,NULL),(543,'e960db58-2b3b-475e-ba06-d27064e67e39',32,635,'','','','Park Lane','6.90824','79.8978583','','0.0','0.0','','','','',4,'','2017-12-11 16:47:02',NULL,NULL,NULL,NULL),(544,'bd6cfa2e-1fe3-42fe-a8cd-569c128de6eb',32,635,'','','','Park Lane','6.9081933','79.8977783','','0.0','0.0','','','','',4,'','2017-12-11 16:49:23',NULL,NULL,NULL,NULL),(545,'026892c7-7c71-48a4-a019-01d5fc9294b4',32,635,'','','','Park Lane','6.9081933','79.8977783','','0.0','0.0','','','','',4,'','2017-12-11 16:50:27',NULL,NULL,NULL,NULL),(546,'52c381a2-3934-4f0c-b8c3-0f72e82b5494',32,635,'','','','Park Lane','6.9082317','79.8978683','','0.0','0.0','','','','',4,'','2017-12-11 16:52:16',NULL,NULL,NULL,NULL),(547,'dbca7bd2-b0a6-4392-b6cd-377721a9a790',32,635,'','','','Park Lane','6.9082317','79.8978683','','0.0','0.0','','','','',4,'','2017-12-11 16:52:55',NULL,NULL,NULL,NULL),(548,'891ba9d3-6376-4872-a457-6dcb85ac8547',32,635,'','','','Park Lane','6.9081517','79.8977933','','0.0','0.0','','','','',4,'','2017-12-11 16:54:04',NULL,NULL,NULL,NULL),(549,'9a3ffd00-6ab4-4c86-be32-394129c01351',32,635,'','','','Park Lane','6.9081517','79.8977933','','0.0','0.0','','','','',4,'','2017-12-11 16:54:07',NULL,NULL,NULL,NULL),(550,'ef357942-26ab-48c0-89d2-a6d834290a9d',32,635,'','','','Park Lane','6.90823','79.8977483','','0.0','0.0','0.0 Km','LKR 20.10','0 Minutes','0 min',3,'','2017-12-11 16:54:16','2017-12-11 16:54:18','2017-12-11 16:54:21','',''),(551,'de83933b-449d-4c62-b25f-9a8b4f39888c',32,635,'','','','Park Lane','6.908225','79.89776','','0.0','0.0','','','','',4,'','2017-12-11 16:54:25',NULL,NULL,NULL,NULL),(552,'993cc529-bb5a-4da7-9be1-c867fcd01dcc',32,635,'','','','Park Lane','6.908228','79.8978131','','0.0','0.0','','','','',4,'','2017-12-11 16:55:18',NULL,NULL,NULL,NULL),(553,'23295458-a2b0-4713-9265-37f059042c01',32,635,'','','','Park Lane','6.9081941','79.897728','','0.0','0.0','','','','',4,'','2017-12-11 16:57:17',NULL,NULL,NULL,NULL),(554,'5288c10c-d80f-4d90-99bc-0d95b75b1f92',32,635,'','','','Park Lane','6.9081941','79.897728','','0.0','0.0','','','','',4,'','2017-12-11 16:57:26',NULL,NULL,NULL,NULL),(555,'6294f0fe-f2eb-4208-b1f5-db287bee9c1e',32,635,'','','','Park Lane','6.9081941','79.897728','','0.0','0.0','','','','',4,'','2017-12-11 16:57:41',NULL,NULL,NULL,NULL),(556,'7c78c197-7107-4467-96c4-3d2622d1f24e',32,635,'','','','Park Lane','6.90824','79.8978283','','0.0','0.0','0.0 Km','LKR 110.70','30 Minutes','0 min',3,'','2017-12-11 17:01:30','2017-12-11 17:02:04','2017-12-11 17:32:29','',''),(557,'d42d5fce-3293-434c-b393-a828840541c7',32,635,'','','','Park Lane','6.9082275','79.8978187','','0.0','0.0','0.0 Km','LKR 20.00','0 Minutes','0 min',3,'','2017-12-11 17:03:09','2017-12-11 17:03:10','2017-12-11 17:03:12','',''),(558,'314380da-27a7-4bd7-8710-4c1c9ed41ede',32,635,'','','','Park Lane','6.9082275','79.8978187','','0.0','0.0','0.0 Km','LKR 22.10','0 Minutes','0 min',3,'','2017-12-11 17:03:19','2017-12-11 17:03:20','2017-12-11 17:04:05','',''),(559,'61241364-e492-49fb-8c22-2eaa9bc12442',32,635,'','','','Park Lane','6.9081533','79.897965','','0.0','0.0','','','','',4,'','2017-12-11 17:24:47',NULL,NULL,NULL,NULL),(560,'16e61668-1b7d-4e8c-b6df-eeec866aab67',32,635,'','','','Park Lane','6.90812','79.8980667','','0.0','0.0','','','','',4,'','2017-12-11 17:24:56',NULL,NULL,NULL,NULL),(561,'36dcf4ff-a144-4cef-bde2-ea0077a5df07',32,635,'','','','Park Lane','6.908225','79.8978883','','0.0','0.0','0.0 Km','LKR 20.15','0 Minutes','0 min',3,'','2017-12-11 17:31:09','2017-12-11 17:31:12','2017-12-11 17:31:17','',''),(562,'d20205ea-01ed-4288-9f81-96c0fd811366',32,635,'','','','Park Lane','6.9083055','79.8978212','','0.0','0.0','0.0 Km','LKR 20.30','0 Minutes','0 min',3,'','2017-12-11 17:32:52','2017-12-11 17:33:04','2017-12-11 17:33:11','',''),(563,'af0afa71-26ca-4efb-bc5b-38fd99ecbc0d',32,635,'','','','Park Lane','6.908264','79.897749','','0.0','0.0','0.0 Km','LKR 20.00','0 Minutes','0 min',3,'','2017-12-11 17:43:22','2017-12-11 17:44:02','2017-12-11 17:44:03','',''),(564,'cc2ca1a1-fc8d-4716-9f6d-855428fae236',32,635,'','','','Park Lane','6.908264','79.897749','','0.0','0.0','','','','',4,'','2017-12-11 17:44:34',NULL,NULL,NULL,NULL),(565,'1545af7a-b2c4-4b2a-afbe-fb6b99591946',32,635,'','','','Park Lane','6.908264','79.897749','','0.0','0.0','','','','',4,'','2017-12-11 17:44:55',NULL,NULL,NULL,NULL),(566,'4caaa437-bdad-4fb8-976f-9548e9dd801f',32,635,'','','','Park Lane','6.9082261','79.897784','','0.0','0.0','0.0 Km','LKR 20.55','0 Minutes','0 min',3,'','2017-12-11 17:45:10','2017-12-11 17:45:21','2017-12-11 17:45:33','',''),(567,'5a4bc753-e68e-4086-ac5f-231d2fab2c0e',32,635,'','','','Park Lane','6.9082261','79.897784','','0.0','0.0','','','','',4,'','2017-12-11 17:45:58',NULL,NULL,NULL,NULL),(568,'23d01315-b309-41ce-bcda-5e734211b5ff',32,635,'','','','10 Meda Welikada Rd, Sri Jayawardenepura Kotte','6.910978325860768','79.89644721150398','25 St Stephen\'s Mawatha, Colombo','6.919327213487074','79.89548798650503','0.0 Km','LKR 20.45','0 Minutes','0 min',3,'','2017-12-11 17:46:17','2017-12-11 17:46:26','2017-12-11 17:46:36','',''),(569,'8b068187-b08e-4499-bb54-4d18c86f928f',32,635,'','','','Park Lane','6.9082261','79.897784','','0.0','0.0','0.0 Km','LKR 20.05','0 Minutes','0 min',3,'','2017-12-11 17:47:37','2017-12-11 17:47:44','2017-12-11 17:47:46','',''),(570,'02299316-e4bc-45a8-a7c9-26ade39bec4d',32,635,'','','','Park Lane','6.9082648','79.8977783','M.H. Mohammed Playground, Colombo, Sri Lanka','6.9226512','79.88515749999999','0.0 Km','LKR 23.50','1 Minutes','1 min',3,'','2017-12-11 17:48:09','2017-12-11 17:49:37','2017-12-11 17:50:49','',''),(571,'dc0b25c7-1e02-444d-9f2a-a95127ffca4b',32,635,'','','','Park Lane','6.9082362','79.8977628','Park Lane','6.9037626300063515','79.89851117134094','0.0 Km','LKR 20.00','0 Minutes','0 min',3,'','2017-12-11 17:51:43','2017-12-11 17:51:46','2017-12-11 17:51:47','',''),(572,'529ce324-c512-46bf-87a6-76af2a094ba3',32,635,'','','','Park Lane','6.9082362','79.8977628','','0.0','0.0','','','','',4,'','2017-12-11 17:54:20',NULL,NULL,NULL,NULL),(573,'fedce878-03dc-47f5-97ca-f340e41cb6d0',32,635,'','','','Park Lane','6.9082362','79.8977628','','0.0','0.0','','','','',4,'','2017-12-11 17:56:06',NULL,NULL,NULL,NULL),(574,'2a395e6e-7625-4cbc-a2b4-5731f9d1ebd5',32,635,'','','','Park Lane','6.9082543','79.8977751','','0.0','0.0','','','','',4,'','2017-12-11 17:58:05',NULL,NULL,NULL,NULL),(575,'b729ab09-a9a3-4dce-bc2b-c92d969e08f3',32,635,'','','','Park Lane','6.9082402','79.8977895','','0.0','0.0','','','','',4,'','2017-12-11 17:58:21',NULL,NULL,NULL,NULL),(576,'5890b634-a878-489d-ae2c-b1d253f95fd5',32,635,'','','','Park Lane','6.9082402','79.8977895','','0.0','0.0','0.0 Km','LKR 20.25','0 Minutes','0 min',3,'','2017-12-11 17:58:42','2017-12-11 17:58:49','2017-12-11 17:58:55','',''),(577,'224d234f-586d-4280-be91-df4b2216cde1',32,635,'','','','Park Lane','6.9082639','79.8978998','','0.0','0.0','0.0 Km','LKR 20.00','0 Minutes','0 min',3,'','2017-12-11 18:04:35','2017-12-11 18:04:47','2017-12-11 18:04:49','',''),(578,'0420d993-6a34-4724-8e2c-b3aeed9ba2ba',32,635,'','','','Park Lane','6.9082405','79.8978129','','0.0','0.0','','','','',4,'','2017-12-11 18:07:43',NULL,NULL,NULL,NULL),(579,'9f02de91-1d33-4985-bd18-585a657b6a7f',32,635,'','','','Park Lane','6.9082405','79.8978129','','0.0','0.0','','','','',4,'','2017-12-11 18:08:55',NULL,NULL,NULL,NULL),(580,'0220e12b-d1ca-41c5-80d5-ff5850d5d67f',32,635,'','','','Park Lane','6.9082141','79.8977486','','0.0','0.0','','','','',4,'','2017-12-11 18:23:43',NULL,NULL,NULL,NULL),(581,'b63f1ea0-02ce-49d4-9d74-3ecc06f92042',32,635,'','','','Park Lane','6.9081772','79.8977636','','0.0','0.0','','','','',4,'','2017-12-11 18:24:13',NULL,NULL,NULL,NULL),(582,'527f711c-4470-414b-88d0-344f120b1be8',32,635,'','','','Park Lane','6.9081747','79.8977647','','0.0','0.0','0.0 Km','LKR 20.00','0 Minutes','0 min',3,'','2017-12-11 18:24:21','2017-12-11 18:24:23','2017-12-11 18:24:24','',''),(583,'527f711c-445465-456sd88d0-344f120b1be8',32,635,'','','','Park Lane','6.9081747','79.8977647','','0.0','0.0','0.0 Km','LKR 20.00','0 Minutes','0 min',3,'','2017-12-12 13:24:21','2017-12-11 18:24:23','2017-12-11 18:24:24','',''),(584,'454sdf4-445465-456sd88d0-344f120b1be8',32,635,'','','','Park Lane','6.9081747','79.8977647','','0.0','0.0','0.0 Km','LKR 20.00','0 Minutes','0 min',3,'','2017-12-12 14:24:21','2017-12-11 18:24:23','2017-12-11 18:24:24','',''),(585,'4s5sd-4sdf465-456sd88d0-344f120b1be8',32,635,'','','','Park Lane','6.9081747','79.8977647','','0.0','0.0','0.0 Km','LKR 20.00','0 Minutes','0 min',3,'','2017-12-12 15:24:21','2017-12-11 18:24:23','2017-12-11 18:24:24','',''),(586,'454sdf4-445465-456sd88d0-344f120b1be8',32,635,'','','','Park Lane','6.9081747','79.8977647','','0.0','0.0','0.0 Km','LKR 20.00','0 Minutes','0 min',3,'','2017-12-12 14:24:21','2017-12-11 18:24:23','2017-12-11 18:24:24','',''),(587,'454sdf4-445465-456sd88d0-344f120b1be8',32,635,'','','','Park Lane','6.9081747','79.8977647','','0.0','0.0','0.0 Km','LKR 20.00','0 Minutes','0 min',3,'','2017-12-12 14:24:21','2017-12-11 18:24:23','2017-12-11 18:24:24','',''),(588,'454sdf4-445465-456sd88d0-344f120b1be8',32,635,'','','','Park Lane','6.9081747','79.8977647','','0.0','0.0','0.0 Km','LKR 20.00','0 Minutes','0 min',3,'','2017-12-15 14:24:21','2017-12-11 18:24:23','2017-12-11 18:24:24','',''),(589,'454sdf4-445465-456sd88d0-344f120b1be8',32,635,'','','','Park Lane','6.9081747','79.8977647','','0.0','0.0','0.0 Km','LKR 20.00','0 Minutes','0 min',3,'','2017-12-15 14:24:21','2017-12-11 18:24:23','2017-12-11 18:24:24','',''),(590,'454sdf4-445465-456sd88d0-344f120b1be8',32,635,'','','','Park Lane','6.9081747','79.8977647','','0.0','0.0','0.0 Km','LKR 20.00','0 Minutes','0 min',3,'','2017-12-15 14:24:21','2017-12-11 18:24:23','2017-12-11 18:24:24','',''),(591,'4s5sd-4sdf465-456sd88d0-344f120b1be8',32,635,'','','','Park Lane','6.9081747','79.8977647','','0.0','0.0','0.0 Km','LKR 20.00','0 Minutes','0 min',3,'','2017-12-12 15:24:21','2017-12-11 18:24:23','2017-12-11 18:24:24','',''),(592,'4s5sd-4sdf465-456sd88d0-344f120b1be8',32,635,'','','','Park Lane','6.9081747','79.8977647','','0.0','0.0','0.0 Km','LKR 20.00','0 Minutes','0 min',3,'','2017-12-12 15:24:21','2017-12-11 18:24:23','2017-12-11 18:24:24','',''),(593,'4s5sd-4sdf465-456sd88d0-344f120b1be8',32,635,'','','','Park Lane','6.9081747','79.8977647','','0.0','0.0','0.0 Km','LKR 20.00','0 Minutes','0 min',3,'','2017-12-12 15:24:21','2017-12-11 18:24:23','2017-12-11 18:24:24','',''),(594,'4s5sd-4sdf465-456sd88d0-344f120b1be8',32,635,'','','','Park Lane','6.9081747','79.8977647','','0.0','0.0','0.0 Km','LKR 20.00','0 Minutes','0 min',3,'','2017-12-12 15:24:21','2017-12-11 18:24:23','2017-12-11 18:24:24','',''),(595,'4s5sd-4sdf465-456sd88d0-344f120b1be8',32,635,'','','','Park Lane','6.9081747','79.8977647','','0.0','0.0','0.0 Km','LKR 20.00','0 Minutes','0 min',3,'','2017-12-12 15:24:21','2017-12-11 18:24:23','2017-12-11 18:24:24','',''),(596,'4s5sd-4sdf465-456sd88d0-344f120b1be8',32,635,'','','','Park Lane','6.9081747','79.8977647','','0.0','0.0','0.0 Km','LKR 20.00','0 Minutes','0 min',3,'','2017-12-12 16:24:21','2017-12-11 18:24:23','2017-12-11 18:24:24','',''),(597,'4s5sd-4sdf465-456sd88d0-344f120b1be8',32,635,'','','','Park Lane','6.9081747','79.8977647','','0.0','0.0','0.0 Km','LKR 20.00','0 Minutes','0 min',3,'','2017-12-12 16:24:21','2017-12-11 18:24:23','2017-12-11 18:24:24','',''),(598,'4s5sd-4sdf465-456sd88d0-344f120b1be8',32,635,'','','','Park Lane','6.9081747','79.8977647','','0.0','0.0','0.0 Km','150','0 Minutes','0 min',3,'','2017-01-12 16:24:21','2017-12-11 18:24:23','2017-12-11 18:24:24','','');
/*!40000 ALTER TABLE `ride_history` ENABLE KEYS */;
UNLOCK TABLES;

--
-- Table structure for table `rider`
--

DROP TABLE IF EXISTS `rider`;
/*!40101 SET @saved_cs_client     = @@character_set_client */;
/*!40101 SET character_set_client = utf8 */;
CREATE TABLE `rider` (
  `rID` int(11) NOT NULL AUTO_INCREMENT,
  `rtID` int(11) NOT NULL,
  `rName` varchar(20) NOT NULL,
  `rEmail` varchar(100) NOT NULL,
  `rPassword` varchar(100) NOT NULL,
  `rJoinDate` datetime NOT NULL,
  `rStatus` int(11) DEFAULT NULL,
  `rPhone` varchar(45) NOT NULL,
  `rLastView` datetime NOT NULL,
  `rActivationCode` varchar(100) NOT NULL,
  `rCompleteness` int(11) NOT NULL,
  `rRiderType` int(11) DEFAULT NULL,
  `rAddress` varchar(200) NOT NULL,
  `rRatings` varchar(100) NOT NULL,
  `rTypes` int(11) NOT NULL,
  `rLastName` varchar(100) NOT NULL,
  `rAssignBike` varchar(50) NOT NULL,
  `rInExRiders` varchar(11) NOT NULL,
  `rInitialDeposite` varchar(100) NOT NULL,
  `rEmiNumber` varchar(100) NOT NULL,
  `rBykerPhoneNumber` varchar(20) NOT NULL,
  `rEquipments` varchar(200) NOT NULL,
  `rSalary` varchar(200) NOT NULL,
  `rEpfNumber` varchar(200) NOT NULL,
  `bID` int(11) NOT NULL,
  PRIMARY KEY (`rID`),
  KEY `fk_rider_rider_type1_idx` (`rtID`),
  CONSTRAINT `fk_rider_rider_type1` FOREIGN KEY (`rtID`) REFERENCES `rider_type` (`rtID`) ON DELETE NO ACTION ON UPDATE NO ACTION
) ENGINE=InnoDB AUTO_INCREMENT=44 DEFAULT CHARSET=utf8;
/*!40101 SET character_set_client = @saved_cs_client */;

--
-- Dumping data for table `rider`
--

LOCK TABLES `rider` WRITE;
/*!40000 ALTER TABLE `rider` DISABLE KEYS */;
INSERT INTO `rider` VALUES (1,1,'Alanbdfb','sanjuobdfbfdbfdb@gmail.com','f89d548af530da45ceeab1c52bb6f8e6','2017-10-24 15:02:47',0,'15468464','0000-00-00 00:00:00','',0,0,'','3',0,'','Alan','External','asdfasdf','asdfasdf','asdfasdf','asdfasdf,kristian','asdfasdf','asdfasdf',0),(2,1,'Sameera Wickrama','sameera@Gmail.com','1bbd886460827015e5d605ed44252251','2017-10-24 15:46:07',0,'94778518454','0000-00-00 00:00:00','',0,0,'','4',0,'asdfadfasdf','','External','sdf','sdfsdf','sdf','sdfsa,sdfs,sdf','sdfsdf','asdfasdf',0),(3,1,'Alanbdfb','sanjuo@gmail.com','f89d548af530da45ceeab1c52bb6f8e6','2017-10-25 09:41:13',0,'165465465','0000-00-00 00:00:00','',0,0,'','2',0,'Wannersdf','','External','dfsdfadf','asfdasf','ssdfasfd','asdfasf,testst','asdfasdfasdf','sadf',0),(4,1,'Alan','sanjusf@gmail.com','e10adc3949ba59abbe56e057f20f883e','2017-10-25 10:17:22',0,'0778989900','0000-00-00 00:00:00','',0,0,'','3',0,'','','External','','','','','','',0),(5,1,'Alan','sanjujsf@gmail.com','e10adc3949ba59abbe56e057f20f883e','2017-10-25 10:20:21',0,'0778989900','0000-00-00 00:00:00','',0,0,'','4',0,'','','External','','','','','','',0),(6,1,'Alan','sanjujosf@gmail.com','e10adc3949ba59abbe56e057f20f883e','2017-10-25 10:52:38',0,'0778989900','0000-00-00 00:00:00','',0,0,'','5',0,'','','External','','','','','','',0),(7,1,'Testuser','test@gmail.com','1bbd886460827015e5d605ed44252251','2017-10-25 10:58:42',0,'94771234567','0000-00-00 00:00:00','',0,0,'','5',0,'','','External','','','','','','',0),(8,1,'Testuser','testuser@gmail.com','1bbd886460827015e5d605ed44252251','2017-10-25 10:59:17',0,'94771234567','0000-00-00 00:00:00','',0,0,'','3',0,'SLLSDKfS','','External','dfsdf','jlksdfjlka','sdf','jdfalksdf ,sdfsd ,sdfsdf,sdf','kkasdfjlaskf','asdflasdlfk',0),(9,1,'Testuser','testuser1@gmail.com','1bbd886460827015e5d605ed44252251','2017-10-25 11:00:09',0,'94771234567','0000-00-00 00:00:00','',0,0,'','5',0,'','','External','','','','','','',0),(10,1,'Alan','sanjujkosf@gmail.com','e10adc3949ba59abbe56e057f20f883e','2017-10-25 11:04:53',0,'0778989900','0000-00-00 00:00:00','',0,0,'','5',0,'','','External','','','','','','',0),(11,1,'Testuser','test123@gmail.com','f5bb0c8de146c67b44babbf4e6584cc0','2017-10-25 11:06:12',0,'94771234567','0000-00-00 00:00:00','',0,0,'','5',0,'','','External','','','','','','',0),(12,1,'Alan','sanjujkoksf@gmail.com','e10adc3949ba59abbe56e057f20f883e','2017-10-25 12:29:06',0,'0778989900','0000-00-00 00:00:00','',0,0,'','3',0,'','','External','','','','','','',0),(13,1,'Alan','sanjujkokksf@gmail.com','e10adc3949ba59abbe56e057f20f883e','2017-10-25 12:36:25',0,'0778989900','0000-00-00 00:00:00','',0,0,'','4',0,'','','External','','','','','','',0),(14,1,'Alan','sanjujkjokksf@gmail.com','e10adc3949ba59abbe56e057f20f883e','2017-10-25 12:37:03',0,'0778989900','0000-00-00 00:00:00','',0,0,'','3',0,'','','External','','','','','','',0),(15,1,'Alan','sanjevn@gmail.com','e10adc3949ba59abbe56e057f20f883e','2017-10-25 12:37:57',0,'0778989900','0000-00-00 00:00:00','',0,0,'','3',0,'','','External','','','','','','',0),(16,1,'Alan','sanjus@gmail.com','e10adc3949ba59abbe56e057f20f883e','2017-10-25 13:11:43',0,'0778989900','0000-00-00 00:00:00','',0,0,'','5',0,'','','External','','','','','','',0),(17,1,'Alan','sanjuss@gmail.com','e10adc3949ba59abbe56e057f20f883e','2017-10-26 09:54:03',0,'0778989900','0000-00-00 00:00:00','',0,0,'','3',0,'','','External','','','','','','',0),(18,1,'Sanjeevan','sanjutest@gmail.com','e10adc3949ba59abbe56e057f20f883e','2017-10-26 09:57:52',0,'0778989900','0000-00-00 00:00:00','',0,0,'','3',0,'','','External','','','','','','',0),(19,1,'Alan','sanjutest1@gmail.com','e10adc3949ba59abbe56e057f20f883e','2017-10-26 14:33:33',0,'0778989900','0000-00-00 00:00:00','',0,0,'','3',0,'','','External','','','','','','',0),(20,1,'Ranveer Singh','ranveer@gmail.com','1bbd886460827015e5d605ed44252251','2017-10-26 18:50:35',0,'94771234567','0000-00-00 00:00:00','',0,0,'','3',0,'','','External','','','','','','',0),(21,1,'Alan','sanjuteslt@gmail.com','e10adc3949ba59abbe56e057f20f883e','2017-10-26 18:51:14',0,'0778989900','0000-00-00 00:00:00','',0,0,'','2',0,'','','External','','','','','','',0),(22,1,'Prem Kumar','prem@gmail.com','1bbd886460827015e5d605ed44252251','2017-10-26 18:53:44',0,'94771234567','0000-00-00 00:00:00','',0,0,'','1',0,'','','External','','','','','','',0),(23,1,'Alan','sanjutesiilt@gmail.com','e10adc3949ba59abbe56e057f20f883e','2017-10-26 18:59:34',0,'0778989900','0000-00-00 00:00:00','',0,0,'','5',0,'','','External','','','','','','',0),(24,1,'Sam Wilson','sam@gmail.com','1bbd886460827015e5d605ed44252251','2017-10-27 09:32:46',0,'94771234567','0000-00-00 00:00:00','',0,0,'','5',0,'','','External','','','','','','',0),(25,1,'Test New','testnew@gmail.com','25d55ad283aa400af464c76d713c07ad','2017-11-02 10:06:33',0,'94771234567','0000-00-00 00:00:00','',0,0,'','',0,'','','','','','','','','',0),(26,1,'Alan','sanjutpest@gmail.com','e10adc3949ba59abbe56e057f20f883e','2017-11-09 17:58:55',0,'0778989900','0000-00-00 00:00:00','',0,0,'','5',0,'','','External','','','','','','',0),(27,1,'Alan','sujewan01@gmail.com','e10adc3949ba59abbe56e057f20f883e','2017-11-16 18:09:39',0,'0778989900','0000-00-00 00:00:00','',0,0,'','5',0,'','','External','','','','','','',0),(28,1,'John Doe','sfanjutest@gmail.com','e10adc3949ba59abbe56e057f20f883e','2017-11-20 09:22:51',0,'0778989900','0000-00-00 00:00:00','',0,0,'','5',0,'','','External','','','','','','',0),(29,1,'Alan','sfandjutest@gmail.com','e10adc3949ba59abbe56e057f20f883e','2017-11-20 16:36:04',0,'0778989900','0000-00-00 00:00:00','',0,0,'','5',0,'','','External','','','','','','',0),(30,1,'John Doe','sfandjdutest@gmail.com','e10adc3949ba59abbe56e057f20f883e','2017-11-20 16:39:41',0,'0778989900','0000-00-00 00:00:00','',0,0,'','5',0,'','','External','','','','','','',0),(31,1,'Alan Walker','sfandjdutedst@gmail.com','e10adc3949ba59abbe56e057f20f883e','2017-11-21 10:27:20',0,'0778989900','0000-00-00 00:00:00','',0,0,'','5',0,'','','External','','','','','','',0),(32,1,'John Doe','dev1@gmail.com','25d55ad283aa400af464c76d713c07ad','2017-11-21 11:52:40',0,'94710710917','0000-00-00 00:00:00','',0,0,'','5',0,'','','External','','','','','','',0),(33,1,'test','Murphy@gmail.com','','2017-11-23 00:00:00',NULL,'12345678','0000-00-00 00:00:00','',0,NULL,'','5',0,'test','ACF 2323','External','12345','23456','0778989890','Raincoat','20000','34567',6),(34,1,'kalana','kalaan@gmail.com','','2017-11-23 00:00:00',NULL,'2333333333333','0000-00-00 00:00:00','',0,NULL,'','5',0,'Shivagar','ACF 2323','Internal','12345','23','2523','Raincoat','253','523',6),(35,1,'Murphy','Murphy@gmail.com','','2017-11-23 00:00:00',NULL,'12345678','0000-00-00 00:00:00','',0,NULL,'','5',0,'test','ACF 2323','External','1213','313','313','Raincoat','313','131',6),(36,1,'Murphy','Murphy@gmail.com','','2017-11-23 00:00:00',NULL,'12345678','0000-00-00 00:00:00','',0,NULL,'','5',0,'test','ACF 2323','External','1213','313','313','Raincoat','313','131',6),(37,1,'Eloise','Eloise@gmail.com','','2017-11-23 00:00:00',NULL,'0789898789','0000-00-00 00:00:00','',0,NULL,'','',0,'david','ACF 2323','External','12000','0000000898900','0778989890','Raincoat','8000','098765432',8),(38,1,'Kristian Rafael','kristianrafael.claridad@gmail.com','','2017-12-01 00:00:00',NULL,'059494','0000-00-00 00:00:00','',0,NULL,'','',0,'Claridad','ACF 2323','External','120','094545454','120','Helmet,Raincoat','120','sdfafd',27),(39,1,'Kristian Rafael','kristianrafael.claridad@gmail.com','','2017-12-01 00:00:00',NULL,'059494','0000-00-00 00:00:00','',0,NULL,'','',0,'Claridad','ACF 2323','External','120','094545454','120','Helmet,Raincoat','120','sdfafd',27),(40,1,'Kristian Rafael','kristianrafae_c@yahoo.com','','2017-12-01 00:00:00',NULL,'094564646','0000-00-00 00:00:00','',0,NULL,'','',0,'Claridad','ACF 2323','External','444646','4646464','1212','Helmet,Raincoat,12122','1221','1312',27),(41,1,'Kristian Rafael','kristianrafae_c@yahoo.com','','2017-12-01 00:00:00',NULL,'094564646','0000-00-00 00:00:00','',0,NULL,'','',0,'Claridad','ACF 2323','External','444646','4646464','1212','Helmet,Raincoat,12122','1221','1312',27),(42,1,'Kristian Rafael','kristianrafae_c@yahoo.com','','2017-12-01 00:00:00',NULL,'094564646','0000-00-00 00:00:00','',0,NULL,'','',0,'Claridad','ACF 2323','External','444646','4646464','1212','Helmet,Raincoat,12122','1221','1312',27),(43,1,'Kristian Rafael','kristianrafae_c@yahoo.com','','2017-12-01 00:00:00',NULL,'094564646','0000-00-00 00:00:00','',0,NULL,'','',0,'Claridad','ACF 2323','External','444646','4646464','1212','Helmet,Raincoat,12122','1221','1312',27);
/*!40000 ALTER TABLE `rider` ENABLE KEYS */;
UNLOCK TABLES;

--
-- Table structure for table `rider_document`
--

DROP TABLE IF EXISTS `rider_document`;
/*!40101 SET @saved_cs_client     = @@character_set_client */;
/*!40101 SET character_set_client = utf8 */;
CREATE TABLE `rider_document` (
  `rdID` int(11) NOT NULL AUTO_INCREMENT,
  `rID` int(11) NOT NULL,
  `subID` int(11) NOT NULL,
  `rdImage` varchar(200) NOT NULL,
  `rdStatus` int(11) DEFAULT NULL COMMENT '0 - Not Submitted, 1 -  Submitted, 2 - Under Review, 3 - Approved',
  `rdExDate` varchar(45) NOT NULL,
  `remarks` text,
  PRIMARY KEY (`rdID`),
  KEY `fk_rider_document_sub_document1_idx` (`subID`),
  KEY `fk_rider_document_rider1_idx` (`rID`),
  CONSTRAINT `fk_rider_document_rider1` FOREIGN KEY (`rID`) REFERENCES `rider` (`rID`) ON DELETE NO ACTION ON UPDATE NO ACTION,
  CONSTRAINT `fk_rider_document_sub_document1` FOREIGN KEY (`subID`) REFERENCES `sub_document` (`subID`) ON DELETE NO ACTION ON UPDATE NO ACTION
) ENGINE=InnoDB AUTO_INCREMENT=39 DEFAULT CHARSET=utf8;
/*!40101 SET character_set_client = @saved_cs_client */;

--
-- Dumping data for table `rider_document`
--

LOCK TABLES `rider_document` WRITE;
/*!40000 ALTER TABLE `rider_document` DISABLE KEYS */;
INSERT INTO `rider_document` VALUES (1,43,1,'5a21040c22c6b.png',2,'',NULL),(2,43,2,'5a21040c311be.png',2,'',NULL),(3,43,3,'5a21040c39505.png',2,'',NULL),(4,43,4,'5a21040c4187e.png',2,'03/12/2017',NULL),(5,43,5,'5a21040c49bc1.gif',2,'',NULL),(6,43,6,'5a21040c58090.png',2,'03/02/2018',NULL),(7,43,7,'5a21040c6659d.jpg',2,'',NULL),(12,1,1,'5a24f4d553b43.png',3,'','good'),(13,1,2,'5a24f4d57720d.png',2,'',NULL),(14,1,3,'5a24f4d57f562.png',2,'',NULL),(15,1,4,'5a24f4d58da29.png',2,'01/12/2017',NULL),(16,1,5,'5a24f4d595e12.png',2,'',NULL),(17,1,6,'5a24f4d5a62c9.jpg',3,'30/03/2018','Good'),(18,1,7,'5a24f4d5b26da.jpg',3,'','Good'),(19,3,1,'5a263864916e9.jpg',3,'05/12/2017','approve\r\n\r\nNational Identity Card (Front)\r\n'),(20,3,2,'5a263864b4038.jpg',3,'05/12/2017','Approve\r\nNational Identity Card (Back)\r\n'),(21,3,3,'5a263864ce894.jpg',1,'05/12/2017',NULL),(22,3,5,'5a263864dace7.png',1,'05/12/2017',NULL),(23,3,6,'5a263864e5081.png',3,'29/12/2017','approve'),(24,3,7,'5a263864f145c.png',1,'05/12/2017',NULL),(25,2,1,'5a26408decfd1.jpg',2,' ',NULL),(26,2,2,'5a26408e18125.jpg',3,' ','approve'),(27,2,3,'5a26408e2659d.png',2,' ',NULL),(28,2,4,'5a26408e3095f.png',2,'02/12/2017',NULL),(29,2,5,'5a26408e3ad1a.jpg',2,' ',NULL),(30,2,6,'5a26408e4514b.png',2,'15/03/2018',NULL),(31,2,7,'5a26408e51510.png',2,' ',NULL),(32,8,1,'5a2641c685b9a.png',3,' ',''),(33,8,2,'5a2641c69dd4a.jpg',3,' ',''),(34,8,3,'5a2641c6a8104.png',3,' ',''),(35,8,4,'5a2641c6b2514.pdf',3,'04/01/2017',''),(36,8,5,'5a2641c6c08ff.png',3,' ',''),(37,8,6,'5a2641c6cad2b.jpeg',3,'24/12/2020',''),(38,8,7,'5a2641c6d714d.png',3,' ','');
/*!40000 ALTER TABLE `rider_document` ENABLE KEYS */;
UNLOCK TABLES;

--
-- Table structure for table `rider_notification`
--

DROP TABLE IF EXISTS `rider_notification`;
/*!40101 SET @saved_cs_client     = @@character_set_client */;
/*!40101 SET character_set_client = utf8 */;
CREATE TABLE `rider_notification` (
  `rnID` int(11) NOT NULL AUTO_INCREMENT,
  `rID` int(11) NOT NULL,
  `ntID` int(11) NOT NULL,
  `ntStatus` int(11) DEFAULT NULL,
  PRIMARY KEY (`rnID`),
  KEY `fk_rider_notification_notification_type1_idx` (`ntID`),
  KEY `fk_rider_notification_user1_idx` (`rID`) USING BTREE
) ENGINE=InnoDB AUTO_INCREMENT=1279 DEFAULT CHARSET=utf8;
/*!40101 SET character_set_client = @saved_cs_client */;

--
-- Dumping data for table `rider_notification`
--

LOCK TABLES `rider_notification` WRITE;
/*!40000 ALTER TABLE `rider_notification` DISABLE KEYS */;
INSERT INTO `rider_notification` VALUES (1,12,3,1),(656,545,1,1),(657,545,2,1),(658,545,3,1),(659,545,4,1),(660,545,5,0),(661,545,6,0),(662,545,7,1),(663,546,1,1),(664,546,2,1),(665,546,3,1),(666,546,4,1),(667,546,5,0),(668,546,6,0),(669,546,7,1),(670,547,1,1),(671,547,2,1),(672,547,3,1),(673,547,4,1),(674,547,5,0),(675,547,6,0),(676,547,7,1),(677,548,1,1),(680,548,4,1),(682,548,6,0),(683,548,7,1),(684,549,1,1),(685,549,2,1),(686,549,3,1),(687,549,4,1),(688,549,5,0),(689,549,6,0),(690,549,7,1),(691,550,1,1),(692,550,2,1),(693,550,3,1),(694,550,4,1),(695,550,5,0),(696,550,6,0),(697,550,7,1),(698,551,1,1),(699,551,2,1),(700,551,3,1),(701,551,4,1),(702,551,5,0),(703,551,6,0),(704,551,7,1),(705,552,1,1),(706,552,2,1),(707,552,3,1),(708,552,4,1),(709,552,5,0),(710,552,6,0),(711,552,7,1),(712,553,1,1),(713,553,2,1),(714,553,3,1),(715,553,4,1),(716,553,5,0),(717,553,6,0),(718,553,7,1),(719,554,1,1),(720,554,2,1),(721,554,3,1),(722,554,4,1),(723,554,5,0),(724,554,6,0),(725,554,7,1),(726,555,1,1),(727,555,2,1),(728,555,3,1),(729,555,4,1),(730,555,5,0),(731,555,6,0),(732,555,7,1),(733,556,1,1),(734,556,2,1),(735,556,3,1),(736,556,4,1),(737,556,5,0),(738,556,6,0),(739,556,7,1),(740,557,1,1),(741,557,2,1),(742,557,3,1),(743,557,4,1),(744,557,5,0),(745,557,6,0),(746,557,7,1),(747,558,1,1),(748,558,2,1),(749,558,3,1),(750,558,4,1),(751,558,5,0),(752,558,6,0),(753,558,7,1),(754,559,1,1),(755,559,2,1),(756,559,3,1),(757,559,4,1),(758,559,5,0),(759,559,6,0),(760,559,7,1),(761,560,1,1),(762,560,2,1),(763,560,3,1),(764,560,4,1),(765,560,5,0),(766,560,6,0),(767,560,7,1),(768,561,1,1),(769,561,2,1),(770,561,3,1),(771,561,4,1),(772,561,5,0),(773,561,6,0),(774,561,7,1),(775,562,1,1),(776,562,2,1),(777,562,3,1),(778,562,4,1),(779,562,5,0),(780,562,6,0),(781,562,7,1),(782,563,1,1),(783,563,2,1),(784,563,3,1),(785,563,4,1),(786,563,5,0),(787,563,6,0),(788,563,7,1),(789,566,1,1),(790,566,2,1),(791,566,3,1),(792,566,4,1),(793,566,5,0),(794,566,6,0),(795,566,7,1),(796,567,1,1),(797,567,2,1),(798,567,3,1),(799,567,4,1),(800,567,5,0),(801,567,6,0),(802,567,7,1),(803,568,1,1),(804,568,2,1),(805,568,3,1),(806,568,4,1),(807,568,5,0),(808,568,6,0),(809,568,7,1),(810,569,1,1),(811,569,2,1),(812,569,3,1),(813,569,4,1),(814,569,5,0),(815,569,6,0),(816,569,7,1),(817,570,1,1),(818,570,2,1),(819,570,3,1),(820,570,4,1),(821,570,5,0),(822,570,6,0),(823,570,7,1),(824,571,1,1),(825,571,2,1),(826,571,3,1),(827,571,4,1),(828,571,5,0),(829,571,6,0),(830,571,7,1),(831,572,1,1),(832,572,2,1),(833,572,3,1),(834,572,4,1),(835,572,5,0),(836,572,6,0),(837,572,7,1),(838,573,1,1),(839,573,2,1),(840,573,3,1),(841,573,4,1),(842,573,5,0),(843,573,6,0),(844,573,7,1),(845,574,1,1),(846,574,2,1),(847,574,3,1),(848,574,4,1),(849,574,5,0),(850,574,6,0),(851,574,7,1),(852,575,1,1),(853,575,2,1),(854,575,3,1),(855,575,4,1),(856,575,5,0),(857,575,6,0),(858,575,7,1),(859,576,1,1),(860,576,2,1),(861,576,3,1),(862,576,4,1),(863,576,5,0),(864,576,6,0),(865,576,7,1),(866,577,1,1),(867,577,2,1),(868,577,3,1),(869,577,4,1),(870,577,5,0),(871,577,6,0),(872,577,7,1),(873,578,1,1),(874,578,2,1),(875,578,3,1),(876,578,4,1),(877,578,5,0),(878,578,6,0),(879,578,7,1),(880,579,1,1),(881,579,2,1),(882,579,3,1),(883,579,4,1),(884,579,5,0),(885,579,6,0),(886,579,7,1),(887,580,1,1),(888,580,2,1),(889,580,3,1),(890,580,4,1),(891,580,5,0),(892,580,6,0),(893,580,7,1),(894,581,1,1),(895,581,2,1),(896,581,3,1),(897,581,4,1),(898,581,5,0),(899,581,6,0),(900,581,7,1),(901,582,1,1),(902,582,2,1),(903,582,3,1),(904,582,4,1),(905,582,5,0),(906,582,6,0),(907,582,7,1),(908,583,1,1),(909,583,2,1),(910,583,3,1),(911,583,4,1),(912,583,5,0),(913,583,6,0),(914,583,7,1),(915,584,1,1),(916,584,2,1),(917,584,3,1),(918,584,4,1),(919,584,5,0),(920,584,6,0),(921,584,7,1),(922,585,1,1),(923,585,2,1),(924,585,3,1),(925,585,4,1),(926,585,5,0),(927,585,6,0),(928,585,7,1),(929,586,1,1),(930,586,2,1),(931,586,3,1),(932,586,4,1),(933,586,5,0),(934,586,6,0),(935,586,7,1),(936,587,1,1),(937,587,2,1),(938,587,3,1),(939,587,4,1),(940,587,5,0),(941,587,6,0),(942,587,7,1),(943,588,1,1),(944,588,2,1),(945,588,3,1),(946,588,4,1),(947,588,5,0),(948,588,6,0),(949,588,7,1),(950,589,1,1),(951,589,2,1),(952,589,3,1),(953,589,4,1),(954,589,5,0),(955,589,6,0),(956,589,7,1),(957,4,0,NULL),(958,4,0,NULL),(959,4,0,NULL),(960,4,0,NULL),(961,4,0,NULL),(962,4,0,NULL),(963,4,0,NULL),(964,5,1,1),(965,5,2,1),(966,5,3,1),(967,5,4,1),(968,5,5,0),(969,5,6,0),(970,5,7,1),(971,6,1,1),(972,6,2,1),(973,6,3,1),(974,6,4,1),(975,6,5,0),(976,6,6,0),(977,6,7,1),(978,7,1,1),(979,7,2,1),(980,7,3,1),(981,7,4,1),(982,7,5,0),(983,7,6,0),(984,7,7,1),(985,8,1,1),(986,8,2,1),(987,8,3,1),(988,8,4,1),(989,8,5,0),(990,8,6,0),(991,8,7,1),(992,9,1,1),(993,9,2,1),(994,9,3,1),(995,9,4,1),(996,9,5,0),(997,9,6,0),(998,9,7,1),(999,10,1,1),(1000,10,2,1),(1001,10,3,1),(1002,10,4,1),(1003,10,5,0),(1004,10,6,0),(1005,10,7,1),(1006,11,1,1),(1007,11,2,1),(1008,11,3,1),(1009,11,4,1),(1010,11,5,0),(1011,11,6,0),(1012,11,7,1),(1013,12,1,1),(1014,12,2,1),(1015,12,3,1),(1016,12,4,1),(1017,12,5,0),(1018,12,6,0),(1019,12,7,1),(1020,13,1,1),(1021,13,2,1),(1022,13,3,1),(1023,13,4,1),(1024,13,5,0),(1025,13,6,0),(1026,13,7,1),(1027,1,1,1),(1028,1,2,1),(1029,1,3,1),(1030,1,4,1),(1031,1,5,0),(1032,1,6,0),(1033,1,7,1),(1034,2,1,1),(1035,2,2,1),(1036,2,3,1),(1037,2,4,1),(1038,2,5,0),(1039,2,6,0),(1040,2,7,1),(1041,3,1,1),(1042,3,2,1),(1043,3,3,1),(1044,3,4,1),(1045,3,5,0),(1046,3,6,0),(1047,3,7,1),(1048,4,1,1),(1049,4,2,1),(1050,4,3,1),(1051,4,4,1),(1052,4,5,0),(1053,4,6,0),(1054,4,7,1),(1055,5,1,1),(1056,5,2,1),(1057,5,3,1),(1058,5,4,1),(1059,5,5,0),(1060,5,6,0),(1061,5,7,1),(1062,1,1,1),(1063,1,2,1),(1064,1,3,1),(1065,1,4,1),(1066,1,5,0),(1067,1,6,0),(1068,1,7,1),(1069,2,1,1),(1070,2,2,1),(1071,2,3,1),(1072,2,4,1),(1073,2,5,0),(1074,2,6,0),(1075,2,7,1),(1076,3,1,1),(1077,3,2,1),(1078,3,3,1),(1079,3,4,1),(1080,3,5,0),(1081,3,6,0),(1082,3,7,1),(1083,5,1,1),(1084,5,2,1),(1085,5,3,1),(1086,5,4,1),(1087,5,5,0),(1088,5,6,0),(1089,5,7,1),(1090,6,1,1),(1091,6,2,1),(1092,6,3,1),(1093,6,4,1),(1094,6,5,0),(1095,6,6,0),(1096,6,7,1),(1097,7,1,1),(1098,7,2,1),(1099,7,3,1),(1100,7,4,1),(1101,7,5,0),(1102,7,6,0),(1103,7,7,1),(1104,8,1,1),(1105,8,2,1),(1106,8,3,1),(1107,8,4,1),(1108,8,5,0),(1109,8,6,0),(1110,8,7,1),(1111,9,1,1),(1112,9,2,1),(1113,9,3,1),(1114,9,4,1),(1115,9,5,0),(1116,9,6,0),(1117,9,7,1),(1118,10,1,1),(1119,10,2,1),(1120,10,3,1),(1121,10,4,1),(1122,10,5,0),(1123,10,6,0),(1124,10,7,1),(1125,11,1,1),(1126,11,2,1),(1127,11,3,1),(1128,11,4,1),(1129,11,5,0),(1130,11,6,0),(1131,11,7,1),(1132,12,1,1),(1133,12,2,1),(1134,12,3,1),(1135,12,4,1),(1136,12,5,0),(1137,12,6,0),(1138,12,7,1),(1139,13,1,1),(1140,13,2,1),(1141,13,3,1),(1142,13,4,1),(1143,13,5,0),(1144,13,6,0),(1145,13,7,1),(1146,14,1,1),(1147,14,2,1),(1148,14,3,1),(1149,14,4,1),(1150,14,5,0),(1151,14,6,0),(1152,14,7,1),(1153,15,1,1),(1154,15,2,1),(1155,15,3,1),(1156,15,4,1),(1157,15,5,0),(1158,15,6,0),(1159,15,7,1),(1160,16,1,1),(1161,16,2,1),(1162,16,3,1),(1163,16,4,1),(1164,16,5,0),(1165,16,6,0),(1166,16,7,1),(1167,17,1,1),(1168,17,2,1),(1169,17,3,1),(1170,17,4,1),(1171,17,5,0),(1172,17,6,0),(1173,17,7,1),(1174,18,1,1),(1175,18,2,1),(1176,18,3,1),(1177,18,4,1),(1178,18,5,0),(1179,18,6,0),(1180,18,7,1),(1181,19,1,1),(1182,19,2,1),(1183,19,3,1),(1184,19,4,1),(1185,19,5,0),(1186,19,6,0),(1187,19,7,1),(1188,20,1,1),(1189,20,2,1),(1190,20,3,1),(1191,20,4,1),(1192,20,5,0),(1193,20,6,0),(1194,20,7,1),(1195,21,1,1),(1196,21,2,1),(1197,21,3,1),(1198,21,4,1),(1199,21,5,0),(1200,21,6,0),(1201,21,7,1),(1202,22,1,1),(1203,22,2,1),(1204,22,3,1),(1205,22,4,1),(1206,22,5,0),(1207,22,6,0),(1208,22,7,1),(1209,23,1,1),(1210,23,2,1),(1211,23,3,1),(1212,23,4,1),(1213,23,5,0),(1214,23,6,0),(1215,23,7,1),(1216,24,1,1),(1217,24,2,1),(1218,24,3,1),(1219,24,4,1),(1220,24,5,0),(1221,24,6,0),(1222,24,7,1),(1223,25,1,1),(1224,25,2,1),(1225,25,3,1),(1226,25,4,1),(1227,25,5,0),(1228,25,6,0),(1229,25,7,1),(1230,26,1,1),(1231,26,2,1),(1232,26,3,1),(1233,26,4,1),(1234,26,5,0),(1235,26,6,0),(1236,26,7,1),(1237,27,1,1),(1238,27,2,1),(1239,27,3,1),(1240,27,4,1),(1241,27,5,0),(1242,27,6,0),(1243,27,7,1),(1244,28,1,1),(1245,28,2,1),(1246,28,3,1),(1247,28,4,1),(1248,28,5,0),(1249,28,6,0),(1250,28,7,1),(1251,29,1,1),(1252,29,2,1),(1253,29,3,1),(1254,29,4,1),(1255,29,5,0),(1256,29,6,0),(1257,29,7,1),(1258,30,1,1),(1259,30,2,1),(1260,30,3,1),(1261,30,4,1),(1262,30,5,0),(1263,30,6,0),(1264,30,7,1),(1265,31,1,1),(1266,31,2,1),(1267,31,3,1),(1268,31,4,1),(1269,31,5,0),(1270,31,6,0),(1271,31,7,1),(1272,32,1,1),(1273,32,2,1),(1274,32,3,1),(1275,32,4,1),(1276,32,5,0),(1277,32,6,0),(1278,32,7,1);
/*!40000 ALTER TABLE `rider_notification` ENABLE KEYS */;
UNLOCK TABLES;

--
-- Table structure for table `rider_profile`
--

DROP TABLE IF EXISTS `rider_profile`;
/*!40101 SET @saved_cs_client     = @@character_set_client */;
/*!40101 SET character_set_client = utf8 */;
CREATE TABLE `rider_profile` (
  `rpID` int(11) NOT NULL AUTO_INCREMENT,
  `rID` int(11) NOT NULL,
  `rpPhone` varchar(45) DEFAULT NULL,
  `rImage` varchar(100) NOT NULL,
  `rpAddress` varchar(200) NOT NULL,
  PRIMARY KEY (`rpID`),
  KEY `fk_rider_profile_rider1_idx` (`rID`),
  CONSTRAINT `fk_rider_profile_rider1` FOREIGN KEY (`rID`) REFERENCES `rider` (`rID`) ON DELETE NO ACTION ON UPDATE NO ACTION
) ENGINE=InnoDB AUTO_INCREMENT=33 DEFAULT CHARSET=utf8;
/*!40101 SET character_set_client = @saved_cs_client */;

--
-- Dumping data for table `rider_profile`
--

LOCK TABLES `rider_profile` WRITE;
/*!40000 ALTER TABLE `rider_profile` DISABLE KEYS */;
INSERT INTO `rider_profile` VALUES (1,1,NULL,'44f1be5cebf13f270f399c0dbea754e8.png',''),(2,2,NULL,'',''),(3,3,NULL,'',''),(4,4,NULL,'',''),(5,5,NULL,'',''),(6,6,NULL,'',''),(7,7,NULL,'',''),(8,8,NULL,'',''),(9,9,NULL,'',''),(10,10,NULL,'',''),(11,11,NULL,'',''),(12,12,NULL,'',''),(13,13,NULL,'',''),(14,14,NULL,'',''),(15,15,NULL,'',''),(16,16,'0778989900','',''),(17,17,NULL,'',''),(18,18,'0771999999','','997/36, Park Lane, Welikada Rajagiriya, Colombo 10100'),(19,19,NULL,'',''),(20,20,NULL,'',''),(21,21,NULL,'',''),(22,22,'94771234567','','Davidson Road, Colombo 4'),(23,23,NULL,'',''),(24,24,'94771234567','','Colombo 4'),(25,25,NULL,'',''),(26,26,NULL,'',''),(27,27,NULL,'',''),(28,28,'0778989900','','colombo 5'),(29,29,NULL,'',''),(30,30,'0778989900','4680a85da8de456d57ae193442619d33.jpg','Colombo 08'),(31,31,NULL,'',''),(32,32,'94710710917','c3aafd18eb4086a2aed2e77ad824fb72.jpg','mind blowing address');
/*!40000 ALTER TABLE `rider_profile` ENABLE KEYS */;
UNLOCK TABLES;

--
-- Table structure for table `rider_review`
--

DROP TABLE IF EXISTS `rider_review`;
/*!40101 SET @saved_cs_client     = @@character_set_client */;
/*!40101 SET character_set_client = utf8 */;
CREATE TABLE `rider_review` (
  `reID` int(11) NOT NULL AUTO_INCREMENT,
  `rID` int(11) NOT NULL,
  `reRate` double NOT NULL,
  `reComment` varchar(200) DEFAULT NULL,
  `reStatus` int(11) NOT NULL,
  `reUserId` varchar(45) DEFAULT NULL,
  PRIMARY KEY (`reID`),
  KEY `fk_review_rider1_idx` (`rID`),
  CONSTRAINT `fk_review_rider1` FOREIGN KEY (`rID`) REFERENCES `rider` (`rID`) ON DELETE NO ACTION ON UPDATE NO ACTION
) ENGINE=InnoDB AUTO_INCREMENT=3 DEFAULT CHARSET=utf8;
/*!40101 SET character_set_client = @saved_cs_client */;

--
-- Dumping data for table `rider_review`
--

LOCK TABLES `rider_review` WRITE;
/*!40000 ALTER TABLE `rider_review` DISABLE KEYS */;
INSERT INTO `rider_review` VALUES (1,15,4,'good Driver',0,NULL),(2,24,3,'good Driver',0,'2');
/*!40000 ALTER TABLE `rider_review` ENABLE KEYS */;
UNLOCK TABLES;

--
-- Table structure for table `rider_type`
--

DROP TABLE IF EXISTS `rider_type`;
/*!40101 SET @saved_cs_client     = @@character_set_client */;
/*!40101 SET character_set_client = utf8 */;
CREATE TABLE `rider_type` (
  `rtID` int(11) NOT NULL AUTO_INCREMENT,
  `rType` varchar(45) NOT NULL,
  PRIMARY KEY (`rtID`)
) ENGINE=InnoDB AUTO_INCREMENT=2 DEFAULT CHARSET=utf8;
/*!40101 SET character_set_client = @saved_cs_client */;

--
-- Dumping data for table `rider_type`
--

LOCK TABLES `rider_type` WRITE;
/*!40000 ALTER TABLE `rider_type` DISABLE KEYS */;
INSERT INTO `rider_type` VALUES (1,'Normal');
/*!40000 ALTER TABLE `rider_type` ENABLE KEYS */;
UNLOCK TABLES;

--
-- Table structure for table `schedule_ride`
--

DROP TABLE IF EXISTS `schedule_ride`;
/*!40101 SET @saved_cs_client     = @@character_set_client */;
/*!40101 SET character_set_client = utf8 */;
CREATE TABLE `schedule_ride` (
  `srID` int(11) NOT NULL AUTO_INCREMENT,
  `uID` int(11) NOT NULL,
  `rID` int(11) NOT NULL,
  `pickupLocationTo` varchar(200) NOT NULL,
  `pickupLocationLat` varchar(200) NOT NULL,
  `pickupLocationLng` varchar(200) NOT NULL,
  `dropLocationFrom` varchar(200) NOT NULL,
  `dropLocationLat` varchar(200) NOT NULL,
  `dropLocationLng` varchar(200) NOT NULL,
  `rideDate` varchar(100) NOT NULL,
  `pickupLocationTime` varchar(100) NOT NULL,
  `rideDistance` varchar(100) NOT NULL,
  `rideTime` varchar(100) NOT NULL,
  `rideCost` varchar(100) NOT NULL,
  `rideStatus` int(11) NOT NULL,
  `scheduleDate` datetime NOT NULL,
  PRIMARY KEY (`srID`)
) ENGINE=MyISAM AUTO_INCREMENT=8 DEFAULT CHARSET=latin1;
/*!40101 SET character_set_client = @saved_cs_client */;

--
-- Dumping data for table `schedule_ride`
--

LOCK TABLES `schedule_ride` WRITE;
/*!40000 ALTER TABLE `schedule_ride` DISABLE KEYS */;
INSERT INTO `schedule_ride` VALUES (7,574,0,'Bamba','123456','12345645','Kollupity','2345678','876543','12/10/2017','12.00','2km','12','100',0,'2017-11-23 11:24:49'),(5,574,0,'Bamba','123456','12345645','Kollupity','2345678','876543','12/10/2017','12.00','2km','12','100',0,'2017-11-23 10:00:35'),(6,574,0,'Bamba','123456','12345645','Kollupity','2345678','876543','12/10/2017','12.00','2km','12','100',0,'2017-11-23 11:23:46');
/*!40000 ALTER TABLE `schedule_ride` ENABLE KEYS */;
UNLOCK TABLES;

--
-- Table structure for table `sub_document`
--

DROP TABLE IF EXISTS `sub_document`;
/*!40101 SET @saved_cs_client     = @@character_set_client */;
/*!40101 SET character_set_client = utf8 */;
CREATE TABLE `sub_document` (
  `subID` int(11) NOT NULL AUTO_INCREMENT,
  `docID` int(11) NOT NULL,
  `subDocument` varchar(200) DEFAULT NULL,
  `subDescription` varchar(200) DEFAULT NULL,
  `subAdded` date NOT NULL,
  PRIMARY KEY (`subID`),
  KEY `fk_sub_document_document1_idx` (`docID`),
  CONSTRAINT `fk_sub_document_document1` FOREIGN KEY (`docID`) REFERENCES `document` (`docID`) ON DELETE NO ACTION ON UPDATE NO ACTION
) ENGINE=InnoDB AUTO_INCREMENT=9 DEFAULT CHARSET=utf8;
/*!40101 SET character_set_client = @saved_cs_client */;

--
-- Dumping data for table `sub_document`
--

LOCK TABLES `sub_document` WRITE;
/*!40000 ALTER TABLE `sub_document` DISABLE KEYS */;
INSERT INTO `sub_document` VALUES (1,1,'NIC Front','Please Upload NIC Front','2017-10-24'),(2,1,'NIC Back','Please Upload NIC Back','2017-10-24'),(3,2,'Driving License Front','Driving License Front','2017-10-24'),(4,2,'Driving License Back','Driving License Front','2017-10-24'),(5,3,'Bank Pass Book Front','Bank Pass Book Front','2017-10-17'),(6,4,'Revenue License Front','Revenue License Front','2017-10-24'),(7,5,'Vehicle License Front','Vehicle License Front','2017-10-24'),(8,6,'Vehicle Insurance Front','Vehicle Insurance Front','2017-10-24');
/*!40000 ALTER TABLE `sub_document` ENABLE KEYS */;
UNLOCK TABLES;

--
-- Table structure for table `token`
--

DROP TABLE IF EXISTS `token`;
/*!40101 SET @saved_cs_client     = @@character_set_client */;
/*!40101 SET character_set_client = utf8 */;
CREATE TABLE `token` (
  `tID` int(11) NOT NULL AUTO_INCREMENT,
  `uID` int(11) NOT NULL,
  `tDeviceToken` varchar(200) DEFAULT NULL,
  `tAuthToken` varchar(100) DEFAULT NULL,
  `tDeviceID` varchar(255) NOT NULL,
  `rID` int(11) NOT NULL,
  PRIMARY KEY (`tID`),
  KEY `fk_token_user1_idx` (`uID`),
  KEY `fk_token_rider1_idx` (`rID`)
) ENGINE=InnoDB AUTO_INCREMENT=157 DEFAULT CHARSET=utf8;
/*!40101 SET character_set_client = @saved_cs_client */;

--
-- Dumping data for table `token`
--

LOCK TABLES `token` WRITE;
/*!40000 ALTER TABLE `token` DISABLE KEYS */;
INSERT INTO `token` VALUES (11,545,'1234567dsd','auth_2573556545','12233cwew',0),(21,555,'1234567a','auth_2915921555','12233ss',0),(22,556,'23161FC1-39C7-4661-B851-F004A4F27EDB','0','',0),(23,556,'1234567a','auth_5578989556','12233ss',0),(24,557,'1234567a','auth_5089027557','12233ss',0),(25,558,'1234567a','auth_7779118558','12233ss',0),(26,559,'1234567a','auth_6404334559','12233ss',0),(27,560,'1234567a','auth_9039485560','12233ss',0),(28,561,'1234567a','auth_3626659561','12233ss',0),(29,562,'1234567a','auth_4507167562','12233ss',0),(30,562,'23161FC1-39C7-4661-B851-F004A4F27EDB','0','',0),(31,563,'1234567a','auth_5903615563','12233ss',0),(32,555,'23161FC1-39C7-4661-B851-F004A4F27EDB','auth_7020087555','',0),(33,555,'4B314806-2AEC-450D-89A5-9ACDCBC1C5AE','auth_5028445555','',0),(34,555,'3F3A4A71-B65B-47DB-A123-62CC9AF4BD2C','auth_5954348555','',0),(35,566,'1234567a','auth_6205339566','12233ss',0),(36,555,'0B3AF28E-3FF4-4A8B-A1B8-58034877FD60','0','',0),(37,567,'0B3AF28E-3FF4-4A8B-A1B8-58034877FD60','0','',0),(38,567,'1234567a','auth_7313912567','12233ss',0),(39,568,'1234567a','auth_4357877568','12233ss',0),(40,569,'1234567a','auth_9697781569','12233ss',0),(41,570,'1234567a','auth_6820972570','12233ss',0),(42,571,'1234567a','auth_5822115571','12233ss',0),(43,572,'1234567a','auth_9260283572','12233ss',0),(44,573,'1234567a','auth_9403876573','12233ss',0),(45,574,'1234567a','auth_6902295574','12233ss',0),(46,575,'1234567a','auth_9324815575','12233ss',0),(47,576,'1234567a','auth_4769938576','12233ss',0),(48,577,'1234567a','auth_6299428577','12233ss',0),(49,578,'1234567a','auth_8076854578','12233ss',0),(50,579,'1234567a','auth_2498572579','12233ss',0),(51,580,'1234567a','auth_9619635580','12233ss',0),(52,581,'1234567a','auth_3745287581','12233ss',0),(53,582,'BD05DC93-8D5D-48B1-A941-2E3F5BE6B86F','auth_7416215582','',0),(54,583,'1234567a','auth_5487253583','12233ss',0),(55,584,'1234567a','auth_3412984584','12233ss',0),(56,585,'1234567a','auth_4365953585','12233ss',0),(57,586,'1234567a','auth_9037951586','12233ss',0),(58,587,'1234567a','auth_6451988587','12233ss',0),(59,588,'1234567a','auth_2133313588','12233ss',0),(60,589,'0B3AF28E-3FF4-4A8B-A1B8-58034877FD60','auth_6855233589','',0),(61,589,'1234567a','auth_3534113589','12233ss',0),(62,601,'1234567a','auth_2491255601','12233ss',0),(63,589,'A6DD59AB-DC0A-468D-93BC-3ACF372167A5','0','',0),(64,602,'A6DD59AB-DC0A-468D-93BC-3ACF372167A5','auth_2612272602','',0),(65,589,'F8196505-A471-4A42-B709-E1C102A7AE4B','auth_1364269589','',0),(66,603,'F8196505-A471-4A42-B709-E1C102A7AE4B','0','',0),(67,602,'F8196505-A471-4A42-B709-E1C102A7AE4B','0','',0),(68,0,'1234567adfb','auth_99770441','12233ssbdf',1),(69,0,'F8196505-A471-4A42-B709-E1C102A7AE4B','auth_28340362','',2),(70,0,'1234567adfb','auth_72203593','12233ssbdf',3),(71,0,'1234567a','0','12233ss',4),(72,0,'1234567a','0','12233ss',5),(73,0,'1234567a','0','12233ss',6),(74,0,'F8196505-A471-4A42-B709-E1C102A7AE4B','auth_14086327','',7),(75,0,'F8196505-A471-4A42-B709-E1C102A7AE4B','auth_66610698','',8),(76,0,'F8196505-A471-4A42-B709-E1C102A7AE4B','auth_73620479','',9),(77,0,'1234567a','0','12233ss',10),(78,0,'F8196505-A471-4A42-B709-E1C102A7AE4B','auth_911088111','',11),(79,0,'1234567a','0','12233ss',12),(80,0,'1234567a','0','12233ss',13),(81,0,'1234567a','0','12233ss',14),(82,0,'1234567a','0','12233ss',15),(83,589,'0940A6DB-4E27-4ABE-9E59-C8FD0445B912','auth_5813027589','',0),(84,0,'1234567a','0','12233ss',16),(85,0,'0940A6DB-4E27-4ABE-9E59-C8FD0445B912','auth_920494116','',16),(86,0,'F8196505-A471-4A42-B709-E1C102A7AE4B','auth_243552616','',16),(87,0,'1234567a','0','12233ss',17),(88,0,'1234567a','0','12233ss',18),(89,0,'1234567a','0','12233ss',19),(90,0,'F8196505-A471-4A42-B709-E1C102A7AE4B','auth_422239520','',20),(91,0,'1234567a','0','12233ss',21),(92,0,'F8196505-A471-4A42-B709-E1C102A7AE4B','auth_418638222','',22),(93,0,'1234567a','0','12233ss',23),(94,0,'F8196505-A471-4A42-B709-E1C102A7AE4B','auth_308135224','',24),(95,0,'1234567a','0','12233ss',24),(96,0,'976269F7-17E6-44FF-AFFB-4D085606BE60','auth_154885524','',24),(97,0,'21E39AD6-6C26-48F8-96CD-EDDBF5D600B6','auth_207236424','',24),(98,589,'47C2C1AB-7074-4213-A799-B4B82416F25E','0','',0),(99,0,'F8196505-A471-4A42-B709-E1C102A7AE4B','auth_484872625','',25),(100,604,'1234567a','auth_9666136604','12233ss',0),(101,605,'1234567a','auth_3201738605','12233ss',0),(102,606,'65411656dsad54as4da5d4sd6','auth_2393554606','13243545',0),(103,607,'65411656dsad54as4da5d4sd6','auth_2639085607','13243545',0),(104,608,'65411656dsad54as4da5d4sd6','auth_1703012608','13243545',0),(105,609,'65411656dsad54as4da5d4sd6','auth_5120929609','13243545',0),(106,0,'5B8065B5-F50E-4C9E-957F-CD39E027F839','auth_326395823','',23),(107,0,'02BF2F26-842E-4380-927F-85ABDE6781DC','auth_368301323','',23),(108,610,'65411656dsad54as4da5d4sd6','auth_3915656610','13243545',0),(109,611,'65411656dsad54as4da5d4sd6','auth_6355169611','13243545',0),(110,612,'65411656dsad54as4da5d4sd6','auth_9901772612','13243545',0),(111,613,'65411656dsad54as4da5d4sd6','auth_3359184613','13243545',0),(112,614,'65411656dsad54as4da5d4sd6','auth_7306741614','13243545',0),(113,615,'65411656dsad54as4da5d4sd6','auth_3512947615','13243545',0),(114,589,'3584E60C-F9BF-41E7-914B-AD75247B80C7','auth_7497936589','',0),(115,0,'47C2C1AB-7074-4213-A799-B4B82416F25E','auth_935514623','',23),(116,616,'59a75e7c470553c3','0','13243545',0),(117,617,'1234567a','auth_4703437617','12233ss',0),(118,618,'1234567a','auth_4530743618','12233ss',0),(119,619,'1234567a','auth_7976033619','12233ss',0),(120,620,'59a75e7c470553c3','0','chUqRWT2Vzs:APA91bHDN20oqSzdZqdIKyWMtNtY7gXmEfTChbT7rbYatR98M3w61BTDQireTdvb6_9w72SBhVaCecPhOLixUpVkRkHDKptfgwrZtlzJHzg9K5UOOW12J2MUvRAtuy0Y6YBSXuGn2-mc',0),(121,621,'59a75e7c470553c3','0','13243545',0),(122,622,'1234567a','auth_2366892622','12233ss',0),(123,623,'59a75e7c470553c3','0','13243545',0),(124,624,'3ee35ba0be11a91b','0','13243545',0),(125,625,'3ee35ba0be11a91b','0','ePmViLvuJdw:APA91bH4dtzg6msLzwiE8NkyiXO76iUe6SMKeI65KHhfgU1x8MvJJhAJPCk5RP7cpZOPmjwiaB6sAEr9el7nKsECKvdDJpR11LUBubBO_J-LDKD5z2k_cdm4z_youct4cYJ6u5X-6zfO',0),(126,626,'3ee35ba0be11a91b','0','en5RlRxPZkk:APA91bGQZY52NCLCK8X9rup3Lrx2YwiQKy6XfRJrUtU8y0gL73EHKctfx71edU-U0efvuWC0eCqAMvVIMrVyUrl2xisjZlb5Gb1MQHc_ELwU3pBfMSdRkNxhHW3A0oA1gbcP6gXFM_9V',0),(127,627,'59a75e7c470553c3','0','e_MrpDnI64o:APA91bEXejQL4aO_rymiTTsqSHaYe8pL7M5wDbZIj9iJTGgl--A78GyA13gkdvL_6Zjk20QNxViIxF6bdY-f8_VJEG3gCbbhKuOY241vd6HPsAEaa2OriscK7mkdHfV98z-B6hD_P_GO',0),(128,620,'3ee35ba0be11a91b','0','cP2OTNjqaOY:APA91bFiuBQTRPnBA54FUGQ0SxmFmRwjU5SubwC_57J-9gwaWe1BImjyHw3HuYOI5co2g-AiIDGLh_886_XnUfPbxVWCYp-8s-OJce-1UtkBY4W7ZreUo76_7ITpMKpQsChNpXU20tZx',0),(129,628,'1234567a','auth_1943856628','12233ss',0),(130,0,'543EA012-1F8C-450A-AFCA-65BFE5179ED4','auth_815676424','',24),(131,629,'543EA012-1F8C-450A-AFCA-65BFE5179ED4','auth_8863334629','',0),(132,630,'59a75e7c470553c3','0','enQ8j6Ku7Fc:APA91bG_v_51kNxr_ymuc6avTEfZck_wBrEBHv_Lgl5q4qxZ-bUErrdHiks3ALXG8TtDJ_gb2-ndzpJXPXOZcHlnIdWT1jv5SHIfUCUeD2NeT7I6yNx6dfkIpq0ocnVhFnMzlA4hH8VC',0),(133,631,'3ee35ba0be11a91b','0','dgAQ6HU_1JA:APA91bElPtKkZ3WT7qsHustWyJT4IhsDBzTQW3jaNMrHldeykgYkKDUEGwRmdceLGl1p8A0BYNODzWqsytPiG5uwSyBLGhdIiIDYv4pQYs0RlbstQ0HashLQQWMIcyhyYzu0fHCdWUgx',0),(134,632,'59a75e7c470553c3','0','enQ8j6Ku7Fc:APA91bG_v_51kNxr_ymuc6avTEfZck_wBrEBHv_Lgl5q4qxZ-bUErrdHiks3ALXG8TtDJ_gb2-ndzpJXPXOZcHlnIdWT1jv5SHIfUCUeD2NeT7I6yNx6dfkIpq0ocnVhFnMzlA4hH8VC',0),(135,633,'3ee35ba0be11a91b','0','dgAQ6HU_1JA:APA91bElPtKkZ3WT7qsHustWyJT4IhsDBzTQW3jaNMrHldeykgYkKDUEGwRmdceLGl1p8A0BYNODzWqsytPiG5uwSyBLGhdIiIDYv4pQYs0RlbstQ0HashLQQWMIcyhyYzu0fHCdWUgx',0),(136,633,'59a75e7c470553c3','0','chUqRWT2Vzs:APA91bHDN20oqSzdZqdIKyWMtNtY7gXmEfTChbT7rbYatR98M3w61BTDQireTdvb6_9w72SBhVaCecPhOLixUpVkRkHDKptfgwrZtlzJHzg9K5UOOW12J2MUvRAtuy0Y6YBSXuGn2-mc',0),(137,634,'59a75e7c470553c3','0','cjTJukfG8Tw:APA91bGJPoMCecs2mbzAylI0sZLsT96SkXzXksl6Df4SfdTogvGbOrTtJBtsIX9gqMJanUlAFII83pK-navLKfd__k4JmS9ngkx8Fwj91FqzZ6meB_7IWj1pDSbnGAeFi-8S2cb7b78E',0),(138,635,'3ee35ba0be11a91b','0','c38aSZrBHTI:APA91bFYtDtiYczSLbJQ_8SSl2_1-NEogwPIN7FOiK3Mt94q7n0qf2k8KmTc29qeeVub3D2onEPWg4UQz4AO4x3ZiTpH_fXv6AOJtWqrxOqvzJAmNe0IqHtKU2dLeC6cka-wlQBEpyvC',0),(139,635,'59a75e7c470553c3','0','fJ8ybCVH2OM:APA91bELsqFbY-655ZqtsLjdbYaqFmj24QGh4kDReKJQirhm8pk2UwlKSyJ5-G-JPfNthFxSGVAH04-Py-_vKMG1yfj6eqkkHy_PJZPSBefj3w6gRG2LcrlYpfDuHRclZFvbye6xCfRT',0),(140,0,'1234567a','auth_360688326','12233ss',26),(141,636,'3ee35ba0be11a91b','0','cP2OTNjqaOY:APA91bFiuBQTRPnBA54FUGQ0SxmFmRwjU5SubwC_57J-9gwaWe1BImjyHw3HuYOI5co2g-AiIDGLh_886_XnUfPbxVWCYp-8s-OJce-1UtkBY4W7ZreUo76_7ITpMKpQsChNpXU20tZx',0),(142,635,'1a975dab2948a758','auth_7203082635','eJOUwDihxqM:APA91bHIlsikugjV4lxJxGhHR-g2RZrvmS1LcIae1ktV5mdLXSXYK__3A_fQJ_dHdzHTILa-_s9Ut0fsXNYZLcPYGjGcw3y_MLFIWk-9eBxpmBT6Zj5CW3LmypitpRkXPPAgTDSKY2e1',0),(143,635,'2588c48391c34221','auth_4537378635','dvLnFcECofw:APA91bG34yOD5uJ4zCZH9SFDebcpsVsE3iFc6jsF6BipAG-tFrNNqtBVVWwep9cdcUQfHylQX1CzDQf3ERuEpYi-2KjSEj_Wo6npIGmFWKmgU8ErpsTAklm0L2K-Rk0K4jbVPem4dV7Q',0),(144,637,'59a75e7c470553c3','0','cgsVx4wEotw:APA91bHXIPhQYVV-I0P-PJ-El8WyYxC5wf55a2OKbZSsB4Iz5JEb8M5kdjVSm7in8bTIxxrgmZBV3vBUzo9sy-j3lYBlmdgW4HyD1IxvZ1QoI-6lSdNbiAoEtsSCGtj9JzklqxIymgwo',0),(145,635,'9f1ecbe315d40a13','auth_2396498635','e9RfeYEuRM4:APA91bFqY45X39v_I6n7wErDLXaisrqzqlVV8KtDh_mrKBQpzZmHw7V6igFBFye2YyFNUfNUwhaxvHWn7QrYjgUAiD0jwqqhzSaVNrgFsjj6Ymr4_J_5vPaLFcFY2PDza1WPkgMg84vL',0),(146,635,'10abb03780091e8e','auth_6497835635','dw333Gw-nLo:APA91bHbN34dR0JLKiP57swqjelglGbrB4ggm60ZVabjVRMBoxPtLpOf8BvEZAaxghERW6e4Kn7vzNIWF9n6ROMUB-i13ju8lpP2yRf2kLhNWQCSE7mDJeaHBs4Bkt7Y2fPg037TmEKv',0),(147,635,'4008a66274a4987d','auth_7403836635','ePxhVJOF_DA:APA91bGsTTSLgUuvdazfi8cSjfWJ9ofwVUsDf0OYKHgp3uEGWGE6yQr_vDS71Xv550BFK3uTCyz3eMi_-8UQBlAlSoDzfxayIzr4OKEYxDpmS-kA9tqbAhRfnOFg0eYuOgdyTv48pI95',0),(148,0,'1234567a','auth_279146327','12233ss',27),(149,589,'9E184B2F-3508-4092-AA1C-C8E076CFD9D6','auth_7501091589','',0),(150,0,'1234567a','auth_606827728','12233ss',28),(151,0,'1234567a','auth_897441729','12233ss',29),(152,0,'1234567a','auth_450752630','12233ss',30),(153,0,'1234567a','auth_591591931','12233ss',31),(154,0,'59a75e7c470553c3','auth_933038332','eJJN_kog7BQ:APA91bFwykjKBjFHe7FkcAGIyHDbuhhIhnmMIxCxjPAZ-Bp9mclopIOdlP-vRZYwQooF57Y3S0OMU7Qhy40iIgB2s_oi9Ujf9YOTGSxD93ESggsLI83tRYUHLCrq7NABBWoWXKuAh5bT',32),(155,0,'1234567a','auth_211844832','12233ss',32),(156,0,'3ee35ba0be11a91b','auth_413152532','eBWrUfGV5ss:APA91bHJXdipQtDo5CKYXi68wNZc1DoEjrpXcFv_H7kFuZ32Dpucsa6GQU1Y2KpJq5UkRLl9W5wBwpkmKui_v6itDTJKT1U-gEZTWU_Fl74uTSIgdl-pmq22-5JSwBjT81rp5nLoUXJK',32);
/*!40000 ALTER TABLE `token` ENABLE KEYS */;
UNLOCK TABLES;

--
-- Table structure for table `user`
--

DROP TABLE IF EXISTS `user`;
/*!40101 SET @saved_cs_client     = @@character_set_client */;
/*!40101 SET character_set_client = utf8 */;
CREATE TABLE `user` (
  `uID` int(11) NOT NULL AUTO_INCREMENT,
  `utID` int(11) NOT NULL,
  `uName` varchar(20) NOT NULL,
  `uEmail` varchar(100) NOT NULL,
  `uPassword` varchar(100) NOT NULL,
  `uJoinDate` datetime NOT NULL,
  `uPayment` varchar(50) DEFAULT NULL COMMENT '1-cash, 2- card, 3- creditcard',
  `uResendCount` int(11) NOT NULL,
  `uStatus` int(11) DEFAULT NULL,
  `uResetPassword` varchar(45) DEFAULT NULL,
  `uPhone` varchar(45) DEFAULT NULL,
  `uActivationCode` varchar(100) NOT NULL,
  `uCompleteness` int(11) NOT NULL,
  `uLastView` datetime NOT NULL COMMENT 'last notification view time',
  `uPrefferedRiderType` int(11) DEFAULT NULL COMMENT '1 - Male 2 - Female 3 - Both  ',
  PRIMARY KEY (`uID`),
  UNIQUE KEY `uEmail_UNIQUE` (`uEmail`),
  KEY `fk_user_user_type_idx` (`utID`),
  CONSTRAINT `fk_user_user_type` FOREIGN KEY (`utID`) REFERENCES `user_type` (`utID`) ON DELETE NO ACTION ON UPDATE NO ACTION
) ENGINE=InnoDB AUTO_INCREMENT=638 DEFAULT CHARSET=utf8;
/*!40101 SET character_set_client = @saved_cs_client */;

--
-- Dumping data for table `user`
--

LOCK TABLES `user` WRITE;
/*!40000 ALTER TABLE `user` DISABLE KEYS */;
INSERT INTO `user` VALUES (1,1,'Admin','admin@gmail.com','21232f297a57a5a743894a0e4a801fc3','2017-01-02 10:00:00',NULL,0,1,NULL,'81dc9bdb52d04dc20036dbd8313ed055','',0,'0000-00-00 00:00:00',NULL),(545,3,'rock','rock@gmail.com','81dc9bdb52d04dc20036dbd8313ed055','2017-10-13 15:34:06',NULL,0,0,NULL,NULL,'qgTR3BEXhZ4w',0,'0000-00-00 00:00:00',NULL),(555,3,'Alan','alan@gmail.com','e10adc3949ba59abbe56e057f20f883e','2017-10-19 12:27:57',NULL,0,0,NULL,NULL,'AsbqWu1hcxV3',0,'0000-00-00 00:00:00',NULL),(556,3,'Marlin Fernando','marlinf@Gmail.com','25d55ad283aa400af464c76d713c07ad','2017-10-19 15:12:46',NULL,0,0,NULL,NULL,'RlkE0ATWpGUM',100,'0000-00-00 00:00:00',NULL),(557,3,'Alan','alan2@gmail.com','e10adc3949ba59abbe56e057f20f883e','2017-10-19 15:49:18',NULL,0,1,NULL,NULL,'',0,'0000-00-00 00:00:00',NULL),(558,3,'Alan','alan22@gmail.com','e10adc3949ba59abbe56e057f20f883e','2017-10-19 15:49:41',NULL,0,0,NULL,NULL,'',0,'0000-00-00 00:00:00',NULL),(559,3,'Alan','alan232@gmail.com','e10adc3949ba59abbe56e057f20f883e','2017-10-19 15:50:09',NULL,0,0,NULL,NULL,'DVx4zUiXcSQq',0,'0000-00-00 00:00:00',NULL),(560,3,'Alan','wicky@gmail.com','e10adc3949ba59abbe56e057f20f883e','2017-10-19 16:11:11',NULL,0,0,NULL,NULL,'9xjymTQsZ7vi',0,'0000-00-00 00:00:00',NULL),(561,3,'Alan','harry@gmail.com','e10adc3949ba59abbe56e057f20f883e','2017-10-19 16:13:07',NULL,0,0,NULL,NULL,'',0,'0000-00-00 00:00:00',NULL),(562,3,'Alan','harry1@gmail.com','e10adc3949ba59abbe56e057f20f883e','2017-10-19 16:14:42',NULL,0,0,NULL,NULL,'',0,'0000-00-00 00:00:00',NULL),(563,3,'Alan','alano@gmail.com','e10adc3949ba59abbe56e057f20f883e','2017-10-19 16:25:30',NULL,0,0,NULL,NULL,'',0,'0000-00-00 00:00:00',NULL),(564,3,'','kal@abcsty','d41d8cd98f00b204e9800998ecf8427e','2017-10-19 16:47:54',NULL,0,0,NULL,NULL,'',0,'0000-00-00 00:00:00',NULL),(565,3,'Sanjeevan','','d41d8cd98f00b204e9800998ecf8427e','2017-10-19 16:48:22',NULL,0,0,NULL,NULL,'',0,'0000-00-00 00:00:00',NULL),(566,3,'Sanjeevan','alan77@gmail.com','e10adc3949ba59abbe56e057f20f883e','2017-10-19 16:48:55',NULL,0,0,NULL,NULL,'',0,'0000-00-00 00:00:00',NULL),(567,3,'Merlin Fernando','merlin@gmail.com','25d55ad283aa400af464c76d713c07ad','2017-10-19 19:00:03',NULL,0,0,NULL,NULL,'',0,'0000-00-00 00:00:00',NULL),(568,3,'Alan','alan1@gmail.com','e10adc3949ba59abbe56e057f20f883e','2017-10-19 19:02:39',NULL,0,0,NULL,NULL,'',0,'0000-00-00 00:00:00',NULL),(569,3,'Alan','alank@gmail.com','e10adc3949ba59abbe56e057f20f883e','2017-10-19 19:03:52',NULL,0,0,NULL,NULL,'',0,'0000-00-00 00:00:00',NULL),(570,3,'Alan','alanr@gmail.com','e10adc3949ba59abbe56e057f20f883e','2017-10-19 19:05:07',NULL,0,0,NULL,NULL,'',0,'0000-00-00 00:00:00',NULL),(571,3,'Alan','ravi@gmail.com','e10adc3949ba59abbe56e057f20f883e','2017-10-19 19:13:04',NULL,0,0,NULL,NULL,'',0,'0000-00-00 00:00:00',NULL),(572,3,'Alan','alan3@gmail.com','e10adc3949ba59abbe56e057f20f883e','2017-10-19 19:15:23',NULL,0,0,NULL,NULL,'',0,'0000-00-00 00:00:00',NULL),(573,3,'Alan','merlin1@gmail.com','e10adc3949ba59abbe56e057f20f883e','2017-10-19 19:17:36',NULL,0,0,NULL,NULL,'',0,'0000-00-00 00:00:00',NULL),(574,3,'Alan','alan4@gmail.com','e10adc3949ba59abbe56e057f20f883e','2017-10-19 19:20:32',NULL,0,0,NULL,NULL,'',0,'0000-00-00 00:00:00',NULL),(575,3,'Alan','alan5@gmail.com','e10adc3949ba59abbe56e057f20f883e','2017-10-19 19:20:42',NULL,0,0,NULL,NULL,'',0,'0000-00-00 00:00:00',NULL),(576,3,'Alan','merlin2@gmail.com','e10adc3949ba59abbe56e057f20f883e','2017-10-19 19:21:06',NULL,0,0,NULL,NULL,'',0,'0000-00-00 00:00:00',NULL),(577,3,'Alan','merlins@gmail.com','e10adc3949ba59abbe56e057f20f883e','2017-10-19 19:22:53','1',0,0,NULL,NULL,'',0,'0000-00-00 00:00:00',NULL),(578,3,'Alan','alan6@gmail.com','e10adc3949ba59abbe56e057f20f883e','2017-10-19 19:30:28',NULL,0,0,NULL,NULL,'',0,'0000-00-00 00:00:00',NULL),(579,3,'Alan','merlinis@gmail.com','e10adc3949ba59abbe56e057f20f883e','2017-10-20 10:22:07',NULL,0,0,NULL,'0778989900','',0,'0000-00-00 00:00:00',NULL),(580,3,'Sanjeevan','alanl@gmail.com','e10adc3949ba59abbe56e057f20f883e','2017-10-20 10:23:27','2',0,0,NULL,'0778989900','',0,'0000-00-00 00:00:00',3),(581,3,'Alan','alanlp@gmail.com','e10adc3949ba59abbe56e057f20f883e','2017-10-20 10:48:12',NULL,0,0,NULL,'0778989900','',0,'0000-00-00 00:00:00',NULL),(582,3,'jhon','johon@gmail.com','25d55ad283aa400af464c76d713c07ad','2017-10-20 10:55:56',NULL,0,0,NULL,'94772777577','',0,'0000-00-00 00:00:00',NULL),(583,3,'Alan','alagn@gmail.com','e10adc3949ba59abbe56e057f20f883e','2017-10-20 11:29:55','1',0,0,NULL,'0778989900','',0,'0000-00-00 00:00:00',NULL),(584,3,'Alan','alagkn@gmail.com','e10adc3949ba59abbe56e057f20f883e','2017-10-20 11:31:26','1',0,0,NULL,'0778989900','',0,'0000-00-00 00:00:00',NULL),(585,3,'Alan','alagkkn@gmail.com','e10adc3949ba59abbe56e057f20f883e','2017-10-20 11:33:47','1',0,0,NULL,'0778989900','',0,'0000-00-00 00:00:00',NULL),(586,3,'Alan','alagkknm@gmail.com','e10adc3949ba59abbe56e057f20f883e','2017-10-20 11:34:32','1',0,0,NULL,'0778989900','',0,'0000-00-00 00:00:00',NULL),(587,3,'Alan','alagkknmd@gmail.com','e10adc3949ba59abbe56e057f20f883e','2017-10-20 11:34:44','1',0,0,NULL,'0778989900','',0,'0000-00-00 00:00:00',NULL),(588,3,'Alan','alagkknsmd@gmail.com','e10adc3949ba59abbe56e057f20f883e','2017-10-20 11:35:13','1',0,0,NULL,'0778989900','',0,'0000-00-00 00:00:00',NULL),(589,3,'Rayan Steve','sanju@Gmail.com','25d55ad283aa400af464c76d713c07ad','2017-10-20 11:42:50','1',0,0,NULL,'94771988203','',0,'0000-00-00 00:00:00',1),(601,3,'Alan','alanss@gmail.com','e10adc3949ba59abbe56e057f20f883e','2017-10-20 14:52:34','1',0,0,NULL,'0778989900','',0,'0000-00-00 00:00:00',NULL),(602,3,'Nuhara','laorijj@gmail.com','df6f58808ebfd3e609c234cf2283a989','2017-10-20 17:08:08','1',0,0,NULL,'94718640619','',0,'0000-00-00 00:00:00',2),(603,3,'Chathu','chathu@Gmail.com','25d55ad283aa400af464c76d713c07ad','2017-10-20 18:10:18','1',0,0,NULL,'94775852369','',0,'0000-00-00 00:00:00',1),(604,3,'Alan','alan12@gmail.com','e10adc3949ba59abbe56e057f20f883e','2017-11-02 11:05:32','1',0,0,NULL,'0778989900','',0,'0000-00-00 00:00:00',0),(605,3,'Alan','alantes@gmail.com','e10adc3949ba59abbe56e057f20f883e','2017-11-02 12:24:18','1',0,0,NULL,'0778989900','',0,'0000-00-00 00:00:00',0),(606,3,'jd','pess@gmail.com','25f9e794323b453885f5181f1b624d0b','2017-11-02 12:50:16','1',0,0,NULL,'0147850','',0,'0000-00-00 00:00:00',0),(607,3,'jd','pess@gmsail.com','25f9e794323b453885f5181f1b624d0b','2017-11-02 13:03:09','1',0,0,NULL,'0147850','',0,'0000-00-00 00:00:00',0),(608,3,'jd','pess@gwmsail.com','25f9e794323b453885f5181f1b624d0b','2017-11-02 13:07:27','1',0,0,NULL,'0147850','',0,'0000-00-00 00:00:00',0),(609,3,'jd','pesss@gwmsail.com','25f9e794323b453885f5181f1b624d0b','2017-11-02 13:34:10','1',0,0,NULL,'0147850','',0,'0000-00-00 00:00:00',0),(610,3,'vyw','vyw@cv.n','94b8cea57c49a3007225a0c70c475450','2017-11-02 16:29:40','1',0,0,NULL,'6666680','',0,'0000-00-00 00:00:00',0),(611,3,'hhh','cv@gg.n','b4fb8c802583d75c36858811115b6272','2017-11-02 16:44:09','1',0,0,NULL,'99','',0,'0000-00-00 00:00:00',0),(612,3,'cyv','gcuv@hh.nj','b4fb8c802583d75c36858811115b6272','2017-11-02 16:49:38','1',0,0,NULL,'038','',0,'0000-00-00 00:00:00',0),(613,3,'v','as@fg.n','b4fb8c802583d75c36858811115b6272','2017-11-02 16:52:30','1',0,0,NULL,'9','',0,'0000-00-00 00:00:00',0),(614,3,'gg','hi@hgg.vn','b4fb8c802583d75c36858811115b6272','2017-11-02 18:10:52','1',0,0,NULL,'94555555555','',0,'0000-00-00 00:00:00',0),(615,3,'login','zbs.ssk@jdn.xo','b4fb8c802583d75c36858811115b6272','2017-11-02 18:12:56','1',0,0,NULL,'94555555550','',0,'0000-00-00 00:00:00',0),(616,3,'vihanga y','vihanga@ceffetz.com','25d55ad283aa400af464c76d713c07ad','2017-11-06 12:40:02','1',0,0,NULL,'94710710915','',0,'0000-00-00 00:00:00',0),(617,3,'Alan','sam@gmail.com','e10adc3949ba59abbe56e057f20f883e','2017-11-06 12:43:39','1',0,0,NULL,'0778989900','',0,'0000-00-00 00:00:00',0),(618,3,'Alan','sams@gmail.com','e10adc3949ba59abbe56e057f20f883e','2017-11-06 14:08:48','1',0,0,NULL,'0778989900','',0,'0000-00-00 00:00:00',0),(619,3,'Alan','samds@gmail.com','e10adc3949ba59abbe56e057f20f883e','2017-11-06 14:23:48','1',0,0,NULL,'0778989900','',0,'0000-00-00 00:00:00',0),(620,3,'vihnga yasith wickra','vyasith@gmail.com','25d55ad283aa400af464c76d713c07ad','2017-11-06 14:38:10','1',0,0,NULL,'94777777777','',0,'0000-00-00 00:00:00',0),(621,3,'v','vyasith@gmail.co','25d55ad283aa400af464c76d713c07ad','2017-11-06 14:59:41','1',0,0,NULL,'94555522559','',0,'0000-00-00 00:00:00',0),(622,3,'Alan','samfds@gmail.com','e10adc3949ba59abbe56e057f20f883e','2017-11-06 17:45:12','1',0,0,NULL,'0778989900','',0,'0000-00-00 00:00:00',0),(623,3,'Xeci','vyadith@gmail.com','1bbd886460827015e5d605ed44252251','2017-11-06 17:52:20','1',0,0,NULL,'94555555555','',0,'0000-00-00 00:00:00',0),(624,3,'vihanga Yasith','dev2@gmail.com','648ceaa6447a6a2004ec51b797c78247','2017-11-06 18:09:45','1',0,0,NULL,'94676531576','',0,'0000-00-00 00:00:00',0),(625,3,'Vi','vihanga@gmail.com','810247419084c82d03809fc886fedaad','2017-11-07 10:40:10','1',0,0,NULL,'94077787457','',0,'0000-00-00 00:00:00',0),(626,3,'dbbs','dev2@gr.com','25d55ad283aa400af464c76d713c07ad','2017-11-07 12:24:33','1',0,0,NULL,'94710710917','',0,'0000-00-00 00:00:00',0),(627,3,'Gh','chc@gh.j','94b8cea57c49a3007225a0c70c475450','2017-11-07 16:09:57','1',0,0,NULL,'94710710917','',0,'0000-00-00 00:00:00',0),(628,3,'Sanjeevan','123@gmail.com','e10adc3949ba59abbe56e057f20f883e','2017-11-08 13:08:46','1',0,0,NULL,'0778989900','',0,'0000-00-00 00:00:00',0),(629,3,'Prem Kumar','prem@gmail.com','1bbd886460827015e5d605ed44252251','2017-11-08 16:47:47','1',0,0,NULL,'94771234567','',0,'0000-00-00 00:00:00',1),(630,3,'Vihanga Yasith','vyw@gmail.com','25d55ad283aa400af464c76d713c07ad','2017-11-08 17:48:35','1',0,0,NULL,'94710710917','',0,'0000-00-00 00:00:00',0),(631,3,'v Yasith Wicks','v@gmail.com','25d55ad283aa400af464c76d713c07ad','2017-11-08 17:52:08','1',0,0,NULL,'94710710917','',0,'0000-00-00 00:00:00',0),(632,3,'Vihanga Yasith','vy@gmai.lcom','25d55ad283aa400af464c76d713c07ad','2017-11-09 14:14:34','1',0,0,NULL,'94710710917','',0,'0000-00-00 00:00:00',0),(633,3,'vyw','w@gmail.com','25d55ad283aa400af464c76d713c07ad','2017-11-09 15:24:29','1',0,0,NULL,'94710710917','',0,'0000-00-00 00:00:00',0),(634,3,'Vyw','vyy@gmail.con','25d55ad283aa400af464c76d713c07ad','2017-11-09 15:38:28','1',0,0,NULL,'94710710917','',0,'0000-00-00 00:00:00',0),(635,3,'Vihanga Yasith','dev1@gmail.com','25d55ad283aa400af464c76d713c07ad','2017-11-09 16:13:31','1',0,0,NULL,'94710710917','',0,'0000-00-00 00:00:00',0),(636,3,'hi all','dev2@gmai.com','25d55ad283aa400af464c76d713c07ad','2017-11-09 18:21:05','1',0,0,NULL,'94710710917','',0,'0000-00-00 00:00:00',0),(637,3,'Blah Blah','dev3@gmail.com','25d55ad283aa400af464c76d713c07ad','2017-11-09 18:29:07','1',0,0,NULL,'94710710917','',0,'0000-00-00 00:00:00',0);
/*!40000 ALTER TABLE `user` ENABLE KEYS */;
UNLOCK TABLES;

--
-- Table structure for table `user_notification`
--

DROP TABLE IF EXISTS `user_notification`;
/*!40101 SET @saved_cs_client     = @@character_set_client */;
/*!40101 SET character_set_client = utf8 */;
CREATE TABLE `user_notification` (
  `unID` int(11) NOT NULL AUTO_INCREMENT,
  `uID` int(11) NOT NULL,
  `ntID` int(11) NOT NULL,
  `ntStatus` int(11) DEFAULT NULL,
  PRIMARY KEY (`unID`),
  KEY `fk_user_notification_user1_idx` (`uID`),
  KEY `fk_user_notification_notification_type1_idx` (`ntID`)
) ENGINE=InnoDB AUTO_INCREMENT=1216 DEFAULT CHARSET=utf8;
/*!40101 SET character_set_client = @saved_cs_client */;

--
-- Dumping data for table `user_notification`
--

LOCK TABLES `user_notification` WRITE;
/*!40000 ALTER TABLE `user_notification` DISABLE KEYS */;
INSERT INTO `user_notification` VALUES (1,12,3,1),(656,545,1,1),(657,545,2,1),(658,545,3,1),(659,545,4,1),(660,545,5,0),(661,545,6,0),(662,545,7,1),(663,546,1,1),(664,546,2,1),(665,546,3,1),(666,546,4,1),(667,546,5,0),(668,546,6,0),(669,546,7,1),(670,547,1,1),(671,547,2,1),(672,547,3,1),(673,547,4,1),(674,547,5,0),(675,547,6,0),(676,547,7,1),(677,548,1,1),(678,548,2,1),(679,548,3,1),(680,548,4,1),(681,548,5,0),(682,548,6,0),(683,548,7,1),(684,549,1,1),(685,549,2,1),(686,549,3,1),(687,549,4,1),(688,549,5,0),(689,549,6,0),(690,549,7,1),(691,550,1,1),(692,550,2,1),(693,550,3,1),(694,550,4,1),(695,550,5,0),(696,550,6,0),(697,550,7,1),(698,551,1,1),(699,551,2,1),(700,551,3,1),(701,551,4,1),(702,551,5,0),(703,551,6,0),(704,551,7,1),(705,552,1,1),(706,552,2,1),(707,552,3,1),(708,552,4,1),(709,552,5,0),(710,552,6,0),(711,552,7,1),(712,553,1,1),(713,553,2,1),(714,553,3,1),(715,553,4,1),(716,553,5,0),(717,553,6,0),(718,553,7,1),(719,554,1,1),(720,554,2,1),(721,554,3,1),(722,554,4,1),(723,554,5,0),(724,554,6,0),(725,554,7,1),(726,555,1,1),(727,555,2,1),(728,555,3,1),(729,555,4,1),(730,555,5,0),(731,555,6,0),(732,555,7,1),(733,556,1,1),(734,556,2,1),(735,556,3,1),(736,556,4,1),(737,556,5,0),(738,556,6,0),(739,556,7,1),(740,557,1,1),(741,557,2,1),(742,557,3,1),(743,557,4,1),(744,557,5,0),(745,557,6,0),(746,557,7,1),(747,558,1,1),(748,558,2,1),(749,558,3,1),(750,558,4,1),(751,558,5,0),(752,558,6,0),(753,558,7,1),(754,559,1,1),(755,559,2,1),(756,559,3,1),(757,559,4,1),(758,559,5,0),(759,559,6,0),(760,559,7,1),(761,560,1,1),(762,560,2,1),(763,560,3,1),(764,560,4,1),(765,560,5,0),(766,560,6,0),(767,560,7,1),(768,561,1,1),(769,561,2,1),(770,561,3,1),(771,561,4,1),(772,561,5,0),(773,561,6,0),(774,561,7,1),(775,562,1,1),(776,562,2,1),(777,562,3,1),(778,562,4,1),(779,562,5,0),(780,562,6,0),(781,562,7,1),(782,563,1,1),(783,563,2,1),(784,563,3,1),(785,563,4,1),(786,563,5,0),(787,563,6,0),(788,563,7,1),(789,566,1,1),(790,566,2,1),(791,566,3,1),(792,566,4,1),(793,566,5,0),(794,566,6,0),(795,566,7,1),(796,567,1,1),(797,567,2,1),(798,567,3,1),(799,567,4,1),(800,567,5,0),(801,567,6,0),(802,567,7,1),(803,568,1,1),(804,568,2,1),(805,568,3,1),(806,568,4,1),(807,568,5,0),(808,568,6,0),(809,568,7,1),(810,569,1,1),(811,569,2,1),(812,569,3,1),(813,569,4,1),(814,569,5,0),(815,569,6,0),(816,569,7,1),(817,570,1,1),(818,570,2,1),(819,570,3,1),(820,570,4,1),(821,570,5,0),(822,570,6,0),(823,570,7,1),(824,571,1,1),(825,571,2,1),(826,571,3,1),(827,571,4,1),(828,571,5,0),(829,571,6,0),(830,571,7,1),(831,572,1,1),(832,572,2,1),(833,572,3,1),(834,572,4,1),(835,572,5,0),(836,572,6,0),(837,572,7,1),(838,573,1,1),(839,573,2,1),(840,573,3,1),(841,573,4,1),(842,573,5,0),(843,573,6,0),(844,573,7,1),(845,574,1,1),(846,574,2,1),(847,574,3,1),(848,574,4,1),(849,574,5,0),(850,574,6,0),(851,574,7,1),(852,575,1,1),(853,575,2,1),(854,575,3,1),(855,575,4,1),(856,575,5,0),(857,575,6,0),(858,575,7,1),(859,576,1,1),(860,576,2,1),(861,576,3,1),(862,576,4,1),(863,576,5,0),(864,576,6,0),(865,576,7,1),(866,577,1,1),(867,577,2,1),(868,577,3,1),(869,577,4,1),(870,577,5,0),(871,577,6,0),(872,577,7,1),(873,578,1,1),(874,578,2,1),(875,578,3,1),(876,578,4,1),(877,578,5,0),(878,578,6,0),(879,578,7,1),(880,579,1,1),(881,579,2,1),(882,579,3,1),(883,579,4,1),(884,579,5,0),(885,579,6,0),(886,579,7,1),(887,580,1,1),(888,580,2,1),(889,580,3,1),(890,580,4,1),(891,580,5,0),(892,580,6,0),(893,580,7,1),(894,581,1,1),(895,581,2,1),(896,581,3,1),(897,581,4,1),(898,581,5,0),(899,581,6,0),(900,581,7,1),(901,582,1,1),(902,582,2,1),(903,582,3,1),(904,582,4,1),(905,582,5,0),(906,582,6,0),(907,582,7,1),(908,583,1,1),(909,583,2,1),(910,583,3,1),(911,583,4,1),(912,583,5,0),(913,583,6,0),(914,583,7,1),(915,584,1,1),(916,584,2,1),(917,584,3,1),(918,584,4,1),(919,584,5,0),(920,584,6,0),(921,584,7,1),(922,585,1,1),(923,585,2,1),(924,585,3,1),(925,585,4,1),(926,585,5,0),(927,585,6,0),(928,585,7,1),(929,586,1,1),(930,586,2,1),(931,586,3,1),(932,586,4,1),(933,586,5,0),(934,586,6,0),(935,586,7,1),(936,587,1,1),(937,587,2,1),(938,587,3,1),(939,587,4,1),(940,587,5,0),(941,587,6,0),(942,587,7,1),(943,588,1,1),(944,588,2,1),(945,588,3,1),(946,588,4,1),(947,588,5,0),(948,588,6,0),(949,588,7,1),(950,589,1,1),(951,589,2,1),(952,589,3,1),(953,589,4,1),(954,589,5,0),(955,589,6,0),(956,589,7,1),(957,601,1,1),(958,601,2,1),(959,601,3,1),(960,601,4,1),(961,601,5,0),(962,601,6,0),(963,601,7,1),(964,602,1,1),(965,602,2,1),(966,602,3,1),(967,602,4,1),(968,602,5,0),(969,602,6,0),(970,602,7,1),(971,603,1,1),(972,603,2,1),(973,603,3,1),(974,603,4,1),(975,603,5,0),(976,603,6,0),(977,603,7,1),(978,604,1,1),(979,604,2,1),(980,604,3,1),(981,604,4,1),(982,604,5,0),(983,604,6,0),(984,604,7,1),(985,605,1,1),(986,605,2,1),(987,605,3,1),(988,605,4,1),(989,605,5,0),(990,605,6,0),(991,605,7,1),(992,606,1,1),(993,606,2,1),(994,606,3,1),(995,606,4,1),(996,606,5,0),(997,606,6,0),(998,606,7,1),(999,607,1,1),(1000,607,2,1),(1001,607,3,1),(1002,607,4,1),(1003,607,5,0),(1004,607,6,0),(1005,607,7,1),(1006,608,1,1),(1007,608,2,1),(1008,608,3,1),(1009,608,4,1),(1010,608,5,0),(1011,608,6,0),(1012,608,7,1),(1013,609,1,1),(1014,609,2,1),(1015,609,3,1),(1016,609,4,1),(1017,609,5,0),(1018,609,6,0),(1019,609,7,1),(1020,610,1,1),(1021,610,2,1),(1022,610,3,1),(1023,610,4,1),(1024,610,5,0),(1025,610,6,0),(1026,610,7,1),(1027,611,1,1),(1028,611,2,1),(1029,611,3,1),(1030,611,4,1),(1031,611,5,0),(1032,611,6,0),(1033,611,7,1),(1034,612,1,1),(1035,612,2,1),(1036,612,3,1),(1037,612,4,1),(1038,612,5,0),(1039,612,6,0),(1040,612,7,1),(1041,613,1,1),(1042,613,2,1),(1043,613,3,1),(1044,613,4,1),(1045,613,5,0),(1046,613,6,0),(1047,613,7,1),(1048,614,1,1),(1049,614,2,1),(1050,614,3,1),(1051,614,4,1),(1052,614,5,0),(1053,614,6,0),(1054,614,7,1),(1055,615,1,1),(1056,615,2,1),(1057,615,3,1),(1058,615,4,1),(1059,615,5,0),(1060,615,6,0),(1061,615,7,1),(1062,616,1,1),(1063,616,2,1),(1064,616,3,1),(1065,616,4,1),(1066,616,5,0),(1067,616,6,0),(1068,616,7,1),(1069,617,1,1),(1070,617,2,1),(1071,617,3,1),(1072,617,4,1),(1073,617,5,0),(1074,617,6,0),(1075,617,7,1),(1076,618,1,1),(1077,618,2,1),(1078,618,3,1),(1079,618,4,1),(1080,618,5,0),(1081,618,6,0),(1082,618,7,1),(1083,619,1,1),(1084,619,2,1),(1085,619,3,1),(1086,619,4,1),(1087,619,5,0),(1088,619,6,0),(1089,619,7,1),(1090,620,1,1),(1091,620,2,1),(1092,620,3,1),(1093,620,4,1),(1094,620,5,0),(1095,620,6,0),(1096,620,7,1),(1097,621,1,1),(1098,621,2,1),(1099,621,3,1),(1100,621,4,1),(1101,621,5,0),(1102,621,6,0),(1103,621,7,1),(1104,622,1,1),(1105,622,2,1),(1106,622,3,1),(1107,622,4,1),(1108,622,5,0),(1109,622,6,0),(1110,622,7,1),(1111,623,1,1),(1112,623,2,1),(1113,623,3,1),(1114,623,4,1),(1115,623,5,0),(1116,623,6,0),(1117,623,7,1),(1118,624,1,1),(1119,624,2,1),(1120,624,3,1),(1121,624,4,1),(1122,624,5,0),(1123,624,6,0),(1124,624,7,1),(1125,625,1,1),(1126,625,2,1),(1127,625,3,1),(1128,625,4,1),(1129,625,5,0),(1130,625,6,0),(1131,625,7,1),(1132,626,1,1),(1133,626,2,1),(1134,626,3,1),(1135,626,4,1),(1136,626,5,0),(1137,626,6,0),(1138,626,7,1),(1139,627,1,1),(1140,627,2,1),(1141,627,3,1),(1142,627,4,1),(1143,627,5,0),(1144,627,6,0),(1145,627,7,1),(1146,628,1,1),(1147,628,2,1),(1148,628,3,1),(1149,628,4,1),(1150,628,5,0),(1151,628,6,0),(1152,628,7,1),(1153,629,1,1),(1154,629,2,1),(1155,629,3,1),(1156,629,4,1),(1157,629,5,0),(1158,629,6,0),(1159,629,7,1),(1160,630,1,1),(1161,630,2,1),(1162,630,3,1),(1163,630,4,1),(1164,630,5,0),(1165,630,6,0),(1166,630,7,1),(1167,631,1,1),(1168,631,2,1),(1169,631,3,1),(1170,631,4,1),(1171,631,5,0),(1172,631,6,0),(1173,631,7,1),(1174,632,1,1),(1175,632,2,1),(1176,632,3,1),(1177,632,4,1),(1178,632,5,0),(1179,632,6,0),(1180,632,7,1),(1181,633,1,1),(1182,633,2,1),(1183,633,3,1),(1184,633,4,1),(1185,633,5,0),(1186,633,6,0),(1187,633,7,1),(1188,634,1,1),(1189,634,2,1),(1190,634,3,1),(1191,634,4,1),(1192,634,5,0),(1193,634,6,0),(1194,634,7,1),(1195,635,1,1),(1196,635,2,1),(1197,635,3,1),(1198,635,4,1),(1199,635,5,0),(1200,635,6,0),(1201,635,7,1),(1202,636,1,1),(1203,636,2,1),(1204,636,3,1),(1205,636,4,1),(1206,636,5,0),(1207,636,6,0),(1208,636,7,1),(1209,637,1,1),(1210,637,2,1),(1211,637,3,1),(1212,637,4,1),(1213,637,5,0),(1214,637,6,0),(1215,637,7,1);
/*!40000 ALTER TABLE `user_notification` ENABLE KEYS */;
UNLOCK TABLES;

--
-- Table structure for table `user_review`
--

DROP TABLE IF EXISTS `user_review`;
/*!40101 SET @saved_cs_client     = @@character_set_client */;
/*!40101 SET character_set_client = utf8 */;
CREATE TABLE `user_review` (
  `urID` int(11) NOT NULL AUTO_INCREMENT,
  `urRate` double DEFAULT NULL,
  `urComment` varchar(200) DEFAULT NULL,
  `urRiderId` varchar(45) DEFAULT NULL,
  `uID` int(11) NOT NULL,
  PRIMARY KEY (`urID`),
  KEY `fk_user_review_user1_idx` (`uID`),
  CONSTRAINT `fk_user_review_user1` FOREIGN KEY (`uID`) REFERENCES `user` (`uID`) ON DELETE NO ACTION ON UPDATE NO ACTION
) ENGINE=InnoDB AUTO_INCREMENT=2 DEFAULT CHARSET=utf8;
/*!40101 SET character_set_client = @saved_cs_client */;

--
-- Dumping data for table `user_review`
--

LOCK TABLES `user_review` WRITE;
/*!40000 ALTER TABLE `user_review` DISABLE KEYS */;
INSERT INTO `user_review` VALUES (1,4,'good Driver','589',589);
/*!40000 ALTER TABLE `user_review` ENABLE KEYS */;
UNLOCK TABLES;

--
-- Table structure for table `user_type`
--

DROP TABLE IF EXISTS `user_type`;
/*!40101 SET @saved_cs_client     = @@character_set_client */;
/*!40101 SET character_set_client = utf8 */;
CREATE TABLE `user_type` (
  `utID` int(11) NOT NULL AUTO_INCREMENT,
  `uType` varchar(45) NOT NULL,
  PRIMARY KEY (`utID`)
) ENGINE=InnoDB AUTO_INCREMENT=5 DEFAULT CHARSET=utf8;
/*!40101 SET character_set_client = @saved_cs_client */;

--
-- Dumping data for table `user_type`
--

LOCK TABLES `user_type` WRITE;
/*!40000 ALTER TABLE `user_type` DISABLE KEYS */;
INSERT INTO `user_type` VALUES (1,'Supper Admin'),(2,'Admin'),(3,'Normal User'),(4,'Manager');
/*!40000 ALTER TABLE `user_type` ENABLE KEYS */;
UNLOCK TABLES;

--
-- Table structure for table `users`
--

DROP TABLE IF EXISTS `users`;
/*!40101 SET @saved_cs_client     = @@character_set_client */;
/*!40101 SET character_set_client = utf8 */;
CREATE TABLE `users` (
  `id` mediumint(8) unsigned NOT NULL AUTO_INCREMENT,
  `ip_address` int(10) unsigned NOT NULL,
  `username` varchar(100) NOT NULL,
  `password` varchar(40) NOT NULL,
  `salt` varchar(40) DEFAULT NULL,
  `email` varchar(100) NOT NULL,
  `activation_code` varchar(40) DEFAULT NULL,
  `forgotten_password_code` varchar(40) DEFAULT NULL,
  `remember_code` varchar(40) DEFAULT NULL,
  `created_on` int(11) unsigned NOT NULL,
  `last_login` int(11) unsigned DEFAULT NULL,
  `active` tinyint(1) unsigned DEFAULT NULL,
  `first_name` varchar(50) DEFAULT NULL,
  `last_name` varchar(50) DEFAULT NULL,
  `company` varchar(100) DEFAULT NULL,
  `phone` varchar(20) DEFAULT NULL,
  PRIMARY KEY (`id`)
) ENGINE=InnoDB AUTO_INCREMENT=2 DEFAULT CHARSET=latin1;
/*!40101 SET character_set_client = @saved_cs_client */;

--
-- Dumping data for table `users`
--

LOCK TABLES `users` WRITE;
/*!40000 ALTER TABLE `users` DISABLE KEYS */;
INSERT INTO `users` VALUES (1,2130706433,'administrator','59beecdf7fc966e2f17fd8f65a4a9aeb09d4a3d4','9462e8eee0','admin@admin.com','',NULL,NULL,1268889823,1268889823,1,'Admin','istrator','ADMIN','0');
/*!40000 ALTER TABLE `users` ENABLE KEYS */;
UNLOCK TABLES;

--
-- Table structure for table `users_groups`
--

DROP TABLE IF EXISTS `users_groups`;
/*!40101 SET @saved_cs_client     = @@character_set_client */;
/*!40101 SET character_set_client = utf8 */;
CREATE TABLE `users_groups` (
  `id` mediumint(8) unsigned NOT NULL AUTO_INCREMENT,
  `user_id` mediumint(8) unsigned NOT NULL,
  `group_id` mediumint(8) unsigned NOT NULL,
  PRIMARY KEY (`id`)
) ENGINE=InnoDB AUTO_INCREMENT=3 DEFAULT CHARSET=latin1;
/*!40101 SET character_set_client = @saved_cs_client */;

--
-- Dumping data for table `users_groups`
--

LOCK TABLES `users_groups` WRITE;
/*!40000 ALTER TABLE `users_groups` DISABLE KEYS */;
INSERT INTO `users_groups` VALUES (1,1,1),(2,1,2);
/*!40000 ALTER TABLE `users_groups` ENABLE KEYS */;
UNLOCK TABLES;
/*!40103 SET TIME_ZONE=@OLD_TIME_ZONE */;

/*!40101 SET SQL_MODE=@OLD_SQL_MODE */;
/*!40014 SET FOREIGN_KEY_CHECKS=@OLD_FOREIGN_KEY_CHECKS */;
/*!40014 SET UNIQUE_CHECKS=@OLD_UNIQUE_CHECKS */;
/*!40101 SET CHARACTER_SET_CLIENT=@OLD_CHARACTER_SET_CLIENT */;
/*!40101 SET CHARACTER_SET_RESULTS=@OLD_CHARACTER_SET_RESULTS */;
/*!40101 SET COLLATION_CONNECTION=@OLD_COLLATION_CONNECTION */;
/*!40111 SET SQL_NOTES=@OLD_SQL_NOTES */;

-- Dump completed on 2017-12-13 18:12:37
